invoice_number,invoice_date,vendor_id,vendor_name,vendor_gstin,vendor_state,buyer_state,hsn_code,invoice_amount,tax_amount,expected_tax_rate,transport_mode,transport_distance_km,vehicle_number,eway_validity_hours,actual_transit_hours,vendor_reg_days,is_fraud,fraud_type
INV-2024-000001,2024-09-10 13:00:00,V0002,Vendor_2 Pvt Ltd,36AFQOF5808W1ZR,AP,UP,7308,21241.59,3240.24,0.18,rail,1683,MH58ON1245,384,42.43,1423,0,none
INV-2024-000002,2024-08-31 18:00:00,V0045,Vendor_45 Pvt Ltd,34AOZJQ7679G1Z1,WB,MH,8501,3202.67,488.54,0.18,ship,240,MH26JO3953,48,7.88,2574,0,none
INV-2024-000003,2024-06-05 12:00:00,V0018,Vendor_18 Pvt Ltd,35VZYWE4240M1Z0,MP,UP,7308,24497.54,3736.91,0.18,rail,294,MH61TH5759,48,9.34,1629,0,none
INV-2024-000004,2024-04-26 13:00:00,V0019,Vendor_19 Pvt Ltd,31YUHSS7641G1Z3,GJ,MP,8471,9462.02,1443.36,0.18,ship,309,MH56DW4854,72,11.31,2402,0,none
INV-2024-000005,2024-04-04 08:00:00,V0022,Vendor_22 Pvt Ltd,32GKRHI7049D1Z4,UP,DL,8501,25373.69,3870.56,0.18,ship,1733,MH56DV9025,408,49.78,2232,0,none
INV-2024-000006,2024-11-01 17:00:00,V0039,Vendor_39 Pvt Ltd,35LEWLT8274H1ZH,MP,RJ,2710,6494.36,990.66,0.18,air,972,MH54OB9076,216,18.73,1831,0,none
INV-2024-000007,2024-02-11 10:00:00,V0043,Vendor_43 Pvt Ltd,33IRKEM1603S1Z1,RJ,DL,2710,13705.26,2090.63,0.18,rail,370,MH52GS7469,72,12.9,373,0,none
INV-2024-000008,2024-02-28 16:00:00,V0028,Vendor_28 Pvt Ltd,29ZVWAT3988Z1ZF,KA,GJ,9403,30551.0,4660.32,0.18,air,1742,MH75VX4434,408,46.36,1122,0,none
INV-2024-000009,2024-10-03 15:00:00,V0033,Vendor_33 Pvt Ltd,32RDXNR3651V1ZO,UP,MH,8704,24743.27,5412.59,0.28,air,1871,MH20ZV5996,432,42.82,2804,0,none
INV-2024-000010,2024-01-21 10:00:00,V0037,Vendor_37 Pvt Ltd,30DRXWX7286O1Z3,TN,GJ,8501,41808.48,6377.56,0.18,ship,421,MH89MK3114,96,9.33,2313,0,none
INV-2024-000011,2024-12-05 14:00:00,V0019,Vendor_19 Pvt Ltd,31YUHSS7641G1Z3,GJ,MH,2710,6116.23,932.98,0.18,air,981,MH17WV0840,216,28.13,2402,0,none
INV-2024-000012,2024-09-12 18:00:00,V0040,Vendor_40 Pvt Ltd,28SGIXC1312N1ZQ,DL,TN,8471,25899.27,3950.74,0.18,ship,596,MH46DZ6215,120,16.01,1385,0,none
INV-2024-000013,2024-04-25 09:00:00,V0006,Vendor_6 Pvt Ltd,29MHYRF3708Z1ZK,KA,KA,8517,10683.99,1629.76,0.18,rail,1070,MH74MM4115,240,20.22,1673,0,none
INV-2024-000014,2024-05-21 14:00:00,V0005,Vendor_5 Pvt Ltd,33HQJJF2966F1ZY,RJ,GJ,2710,10306.53,1572.18,0.18,ship,1730,MH85RW4437,408,52.52,1032,0,none
INV-2024-000015,2024-06-13 11:00:00,V0030,Vendor_30 Pvt Ltd,30KHBUJ5683A1Z7,TN,AP,7308,21482.15,3276.94,0.18,ship,834,MH07SV3689,192,23.75,1099,0,none
INV-2024-000016,2024-03-05 16:00:00,V0003,Vendor_3 Pvt Ltd,31EYICC8687R1Z7,GJ,DL,8443,82431.44,12574.29,0.18,ship,1840,MH90DW9072,432,34.08,1580,0,none
INV-2024-000017,2024-02-11 13:00:00,V0042,Vendor_42 Pvt Ltd,31TWYKT5622N1ZV,GJ,RJ,2710,26287.21,4009.91,0.18,road,698,MH45QG6220,144,17.44,148,0,none
INV-2024-000018,2024-11-20 09:00:00,V0049,Vendor_49 Pvt Ltd,34CYQVS4792Z1ZY,WB,MH,3004,49699.75,5324.97,0.12,ship,144,MH34GK6116,24,4.51,2010,0,none
INV-2024-000019,2024-12-15 11:00:00,V0040,Vendor_40 Pvt Ltd,28SGIXC1312N1ZQ,DL,KA,8704,32237.57,7051.97,0.28,air,525,MH20UX6143,120,13.05,1385,0,none
INV-2024-000020,2024-08-05 12:00:00,V0041,Vendor_41 Pvt Ltd,35MBVKU9085P1Z0,MP,TN,3004,41279.12,4422.76,0.12,road,837,MH33HS0830,192,16.18,1470,0,none
INV-2024-000021,2024-09-11 12:00:00,V0039,Vendor_39 Pvt Ltd,35LEWLT8274H1ZH,MP,AP,7308,5170.55,788.73,0.18,air,1692,MH66SR8696,384,41.53,1831,0,none
INV-2024-000022,2024-01-18 17:00:00,V0029,Vendor_29 Pvt Ltd,29UCWWF8437H1ZE,KA,DL,9403,19820.03,3023.39,0.18,ship,1912,MH11OZ5982,456,48.36,126,0,none
INV-2024-000023,2024-06-22 09:00:00,V0019,Vendor_19 Pvt Ltd,31YUHSS7641G1Z3,GJ,KA,8517,7303.0,1114.02,0.18,ship,1594,MH79ZU3705,360,30.52,2402,0,none
INV-2024-000024,2024-12-10 18:00:00,V0024,Vendor_24 Pvt Ltd,35HRYDD1526W1ZL,MP,UP,6203,7451.42,354.83,0.05,ship,271,MH69IP6647,48,7.64,863,0,none
INV-2024-000025,2024-03-12 08:00:00,V0008,Vendor_8 Pvt Ltd,35GPXKF9500D1Z9,MP,WB,3004,19399.91,2078.56,0.12,ship,287,MH14RT9471,48,11.33,2600,0,none
INV-2024-000026,2024-02-20 15:00:00,V0042,Vendor_42 Pvt Ltd,31TWYKT5622N1ZV,GJ,MH,3004,37586.6,4027.14,0.12,rail,1463,MH98CR5933,336,35.38,148,0,none
INV-2024-000027,2024-08-20 09:00:00,V0008,Vendor_8 Pvt Ltd,35GPXKF9500D1Z9,MP,MH,8704,57281.93,12530.42,0.28,rail,153,MH15BT2283,24,4.53,2600,0,none
INV-2024-000028,2024-01-02 12:00:00,V0039,Vendor_39 Pvt Ltd,35LEWLT8274H1ZH,MP,KA,9403,3970.21,605.62,0.18,ship,1156,MH60AU2310,264,29.54,1831,0,none
INV-2024-000029,2024-02-28 09:00:00,V0034,Vendor_34 Pvt Ltd,29QHOAH4564O1ZD,KA,MP,8443,6421.78,979.59,0.18,ship,1265,MH90UW5490,288,36.04,2123,0,none
INV-2024-000030,2024-08-06 18:00:00,V0026,Vendor_26 Pvt Ltd,35SOCYR1035N1Z8,MP,DL,8501,11362.57,1733.27,0.18,ship,1891,MH02QO3954,432,53.91,201,0,none
INV-2024-000031,2024-12-25 09:00:00,V0007,Vendor_7 Pvt Ltd,31BXOSF4861E1ZF,GJ,TN,2710,134213.44,20473.24,0.18,ship,930,MH34KC4631,216,21.78,2329,0,none
INV-2024-000032,2024-02-16 09:00:00,V0005,Vendor_5 Pvt Ltd,33HQJJF2966F1ZY,RJ,KA,8443,159697.28,24360.6,0.18,air,1189,MH56KW9490,264,36.45,1032,1,amount_spike
INV-2024-000033,2024-02-23 17:00:00,V0023,Vendor_23 Pvt Ltd,30NDJBG2453Z1ZX,TN,WB,9403,43139.38,6580.58,0.18,road,509,MH51HF4576,120,11.11,62,0,none
INV-2024-000034,2024-12-02 12:00:00,V0039,Vendor_39 Pvt Ltd,35LEWLT8274H1ZH,MP,UP,3004,3636.83,389.66,0.12,air,768,MH54DQ0724,10,53.0,1831,1,eway_expired
INV-2024-000035,2024-06-15 17:00:00,V0020,Vendor_20 Pvt Ltd,35BIBMX5058C1Z4,MP,KA,8471,2927.31,446.54,0.18,road,372,MH04LP4253,72,8.06,2795,0,none
INV-2024-000036,2024-12-13 18:00:00,V0019,Vendor_19 Pvt Ltd,31YUHSS7641G1Z3,GJ,GJ,2710,6061.23,924.59,0.18,ship,143,MH02YT7214,24,7.48,2402,0,none
INV-2024-000037,2024-03-07 14:00:00,V0012,Vendor_12 Pvt Ltd,27CJZUG2507C1ZY,MH,MP,7308,18165.6,2771.02,0.18,ship,1194,MH08BA9855,264,24.8,545,0,none
INV-2024-000038,2024-02-28 14:00:00,V0019,Vendor_19 Pvt Ltd,31YUHSS7641G1Z3,GJ,AP,9403,8449.58,84.5,0.18,air,992,MH08GP5333,216,21.54,2402,1,tax_mismatch
INV-2024-000039,2024-03-27 09:00:00,V0050,Vendor_50 Pvt Ltd,34LTGWV0824T1ZO,WB,MP,8517,2148.33,327.71,0.18,road,1094,MH39QD1211,240,30.78,1407,0,none
INV-2024-000040,2024-11-17 15:00:00,V0012,Vendor_12 Pvt Ltd,27CJZUG2507C1ZY,MH,AP,8704,15466.49,3383.3,0.28,air,969,MH69IZ3446,216,22.27,545,0,none
INV-2024-000041,2024-01-29 13:00:00,V0038,Vendor_38 Pvt Ltd,30XDDMN5374X1ZW,TN,WB,3004,2180.32,233.61,0.12,road,975,MH26ZC5359,216,29.23,1777,0,none
INV-2024-000042,2024-10-19 18:00:00,V0029,Vendor_29 Pvt Ltd,29UCWWF8437H1ZE,KA,WB,8704,15783.05,3452.54,0.28,ship,1076,MH18IS5124,240,28.94,126,0,none
INV-2024-000043,2024-09-24 17:00:00,V0034,Vendor_34 Pvt Ltd,29QHOAH4564O1ZD,KA,GJ,8443,4674.73,713.09,0.18,rail,843,MH57QB0627,192,20.66,2123,0,none
INV-2024-000044,2024-02-11 17:00:00,V0022,Vendor_22 Pvt Ltd,32GKRHI7049D1Z4,UP,GJ,8443,14735.33,2247.76,0.18,road,1393,MH59IJ7868,312,28.73,2232,0,none
INV-2024-000045,2024-12-09 14:00:00,V0042,Vendor_42 Pvt Ltd,31TWYKT5622N1ZV,GJ,UP,8471,23127.99,3528.0,0.18,road,682,MH94FD0817,144,18.91,148,0,none
INV-2024-000046,2024-06-21 17:00:00,V0043,Vendor_43 Pvt Ltd,33IRKEM1603S1Z1,RJ,KA,6203,10676.67,508.41,0.05,ship,382,MH69SB3796,72,12.74,373,0,none
INV-2024-000047,2024-09-30 11:00:00,V0015,Vendor_15 Pvt Ltd,28XWBGR2195P1ZF,DL,TN,8501,3129.24,477.34,0.18,air,803,MH47UN4116,192,18.17,1967,0,none
INV-2024-000048,2024-11-24 15:00:00,V0004,Vendor_4 Pvt Ltd,28OVQWP7022C1ZE,DL,DL,2710,152064.18,23196.23,0.18,ship,1506,MH27HX1492,360,30.38,443,0,none
INV-2024-000049,2024-01-14 14:00:00,V0023,Vendor_23 Pvt Ltd,30NDJBG2453Z1ZX,TN,RJ,7308,23934.57,239.35,0.18,rail,217,MH98QU1286,48,5.97,62,1,tax_mismatch
INV-2024-000050,2024-12-27 15:00:00,V0049,Vendor_49 Pvt Ltd,34CYQVS4792Z1ZY,WB,DL,8471,30288.01,4620.2,0.18,ship,88,MH57NC2304,24,5.63,2010,0,none
INV-2024-000051,2024-02-26 15:00:00,V0005,Vendor_5 Pvt Ltd,33HQJJF2966F1ZY,RJ,MP,8471,9441.48,1440.23,0.18,road,1227,MH46GK6090,288,31.32,1032,0,none
INV-2024-000052,2024-08-28 08:00:00,V0025,Vendor_25 Pvt Ltd,31NGXBQ8031I1ZA,GJ,GJ,8443,9686.44,1477.59,0.18,rail,1580,MH37QU7305,360,47.99,1839,0,none
INV-2024-000053,2024-12-16 15:00:00,V0050,Vendor_50 Pvt Ltd,34LTGWV0824T1ZO,WB,KA,8501,2315.23,353.17,0.18,ship,1711,MH90FU8333,408,47.74,1407,0,none
INV-2024-000054,2024-01-19 18:00:00,V0017,Vendor_17 Pvt Ltd,30ENDEM8088D1Z3,TN,MH,8443,4739.52,722.98,0.18,air,1823,MH74KL9316,432,37.29,2701,0,none
INV-2024-000055,2024-05-16 09:00:00,V0034,Vendor_34 Pvt Ltd,29QHOAH4564O1ZD,KA,RJ,8517,5803.59,885.29,0.18,ship,1283,MH21IH4714,288,22.97,2123,0,none
INV-2024-000056,2024-06-29 17:00:00,V0003,Vendor_3 Pvt Ltd,31EYICC8687R1Z7,GJ,MH,3004,56322.34,6034.54,0.12,rail,203,MH57EA8641,48,6.14,1580,0,none
INV-2024-000057,2024-11-26 13:00:00,V0050,Vendor_50 Pvt Ltd,34LTGWV0824T1ZO,WB,MH,8704,5646.7,1235.22,0.28,road,1289,MH34BD3329,288,35.54,1407,0,none
INV-2024-000058,2024-04-05 15:00:00,V0048,Vendor_48 Pvt Ltd,31WPDZU3435K1Z0,GJ,DL,2710,83983.68,12811.07,0.18,ship,586,MH26SZ2101,120,13.89,1750,0,none
INV-2024-000059,2024-12-15 13:00:00,V0006,Vendor_6 Pvt Ltd,29MHYRF3708Z1ZK,KA,MP,8517,18435.91,2812.26,0.18,rail,1160,MH17SE3297,264,29.35,1673,0,none
INV-2024-000060,2024-01-14 13:00:00,V0032,Vendor_32 Pvt Ltd,27SAYNS7630V1ZL,MH,WB,8443,197393.69,30110.9,0.18,rail,1695,MH80KS4445,384,29.84,2582,0,none
INV-2024-000061,2024-11-24 09:00:00,V0021,Vendor_21 Pvt Ltd,30KYOPB0653I1ZD,TN,UP,2710,59353.72,9053.96,0.18,rail,312,MH61ZL9011,72,8.82,2773,0,none
INV-2024-000062,2024-06-14 11:00:00,V0011,Vendor_11 Pvt Ltd,28WHQPD7575A1ZK,DL,GJ,2710,12497.62,1906.42,0.18,rail,1782,MH92QP0655,408,49.79,2031,0,none
INV-2024-000063,2024-11-15 17:00:00,V0043,Vendor_43 Pvt Ltd,33IRKEM1603S1Z1,RJ,MH,8704,19639.81,4296.21,0.28,air,1740,MH97GF5608,408,31.99,373,0,none
INV-2024-000064,2024-06-03 15:00:00,V0042,Vendor_42 Pvt Ltd,31TWYKT5622N1ZV,GJ,GJ,6203,72470.78,3450.99,0.05,ship,978,MH44FP3778,216,27.74,148,0,none
INV-2024-000065,2024-07-08 16:00:00,V0009,Vendor_9 Pvt Ltd,29UKBJZ5980X1Z7,KA,TN,8443,11610.75,1771.13,0.18,air,1005,MH10YW4998,240,28.75,2822,0,none
INV-2024-000066,2024-03-22 15:00:00,V0013,Vendor_13 Pvt Ltd,29RYENP9976W1ZJ,KA,WB,8501,33222.2,5067.79,0.18,ship,1850,MH95ZF3048,432,44.38,1664,0,none
INV-2024-000067,2024-10-01 08:00:00,V0019,Vendor_19 Pvt Ltd,31YUHSS7641G1Z3,GJ,KA,6203,7306.26,347.92,0.05,air,1857,MH40BO3234,432,46.72,2402,0,none
INV-2024-000068,2024-12-14 17:00:00,V0040,Vendor_40 Pvt Ltd,28SGIXC1312N1ZQ,DL,RJ,8517,17479.12,2666.31,0.18,ship,814,MH97FN5013,192,16.85,1385,0,none
INV-2024-000069,2024-08-21 10:00:00,V0034,Vendor_34 Pvt Ltd,29QHOAH4564O1ZD,KA,KA,2710,9777.86,1491.54,0.18,ship,721,MH36VP5545,168,14.33,2123,0,none
INV-2024-000070,2024-07-07 13:00:00,V0002,Vendor_2 Pvt Ltd,36AFQOF5808W1ZR,AP,AP,6203,25206.47,1200.31,0.05,ship,680,MH60MZ7757,144,15.56,1423,0,none
INV-2024-000071,2024-09-25 18:00:00,V0011,Vendor_11 Pvt Ltd,28WHQPD7575A1ZK,DL,KA,6203,17332.03,825.33,0.05,ship,1732,MH91AI1647,408,34.39,2031,0,none
INV-2024-000072,2024-02-01 10:00:00,V0048,Vendor_48 Pvt Ltd,31WPDZU3435K1Z0,GJ,UP,2710,54436.58,8303.89,0.18,air,1406,MH94NO6868,336,32.07,1750,0,none
INV-2024-000073,2024-09-04 11:00:00,V0040,Vendor_40 Pvt Ltd,28SGIXC1312N1ZQ,DL,MP,3004,48891.13,5238.34,0.12,air,661,MH22FS3397,144,20.19,1385,0,none
INV-2024-000074,2024-03-03 17:00:00,V0019,Vendor_19 Pvt Ltd,31YUHSS7641G1Z3,GJ,RJ,6203,4228.62,201.36,0.05,air,1726,MH10YC9672,408,42.88,2402,0,none
INV-2024-000075,2024-12-22 12:00:00,V0036,Vendor_36 Pvt Ltd,30DBZPT4857M1ZV,TN,AP,8704,6436.44,1407.97,0.28,rail,540,MH56BK7170,120,16.16,1666,0,none
INV-2024-000076,2024-11-30 15:00:00,V0027,Vendor_27 Pvt Ltd,31JYZBJ6635N1Z9,GJ,GJ,7308,13292.96,2027.74,0.18,rail,707,MH76GT8094,168,17.96,999,0,none
INV-2024-000077,2024-07-22 15:00:00,V0003,Vendor_3 Pvt Ltd,31EYICC8687R1Z7,GJ,MH,3004,32241.56,3454.45,0.12,air,68,MH93LQ5815,24,4.41,1580,0,none
INV-2024-000078,2024-02-27 13:00:00,V0013,Vendor_13 Pvt Ltd,29RYENP9976W1ZJ,KA,GJ,8501,23478.39,3581.45,0.18,road,1521,MH75TE8885,360,41.57,1664,0,none
INV-2024-000079,2024-12-08 09:00:00,V0026,Vendor_26 Pvt Ltd,35SOCYR1035N1Z8,MP,WB,9403,26185.67,3994.42,0.18,rail,712,MH34GI5523,168,13.21,201,0,none
INV-2024-000080,2024-12-07 09:00:00,V0004,Vendor_4 Pvt Ltd,28OVQWP7022C1ZE,DL,RJ,9403,111999.04,17084.6,0.18,rail,1455,MH73DX2621,336,34.28,443,0,none
INV-2024-000081,2024-11-06 13:00:00,V0030,Vendor_30 Pvt Ltd,30KHBUJ5683A1Z7,TN,WB,2710,8347.37,1273.33,0.18,road,1601,MH22TW0470,384,36.04,1099,0,none
INV-2024-000082,2024-10-07 16:00:00,V0004,Vendor_4 Pvt Ltd,28OVQWP7022C1ZE,DL,KA,2710,140795.11,21477.22,0.18,ship,386,MH12PC5845,72,11.5,443,0,none
INV-2024-000083,2024-01-30 16:00:00,V0037,Vendor_37 Pvt Ltd,30DRXWX7286O1Z3,TN,MH,3004,18503.49,1982.52,0.12,ship,860,MH20LS5089,192,21.8,2313,0,none
INV-2024-000084,2024-05-26 14:00:00,V0003,Vendor_3 Pvt Ltd,31EYICC8687R1Z7,GJ,RJ,9403,57911.03,8833.89,0.18,rail,816,MH89JR6563,192,15.79,1580,0,none
INV-2024-000085,2024-07-20 16:00:00,V0035,Vendor_35 Pvt Ltd,34UYTRH6609H1ZJ,WB,MH,7308,40916.32,6241.47,0.18,road,1598,MH65NV2329,360,46.82,950,0,none
INV-2024-000086,2024-12-04 14:00:00,V0003,Vendor_3 Pvt Ltd,31EYICC8687R1Z7,GJ,TN,8471,89071.97,13587.25,0.18,road,472,MH46WG0457,96,15.65,1580,0,none
INV-2024-000087,2024-09-14 12:00:00,V0009,Vendor_9 Pvt Ltd,29UKBJZ5980X1Z7,KA,UP,8704,9166.67,2005.21,0.28,rail,1232,MH33DR2309,288,27.68,2822,0,none
INV-2024-000088,2024-12-13 14:00:00,V0041,Vendor_41 Pvt Ltd,35MBVKU9085P1Z0,MP,UP,8471,46973.33,7165.42,0.18,rail,1978,MH56KH1522,456,40.86,1470,0,none
INV-2024-000089,2024-01-30 16:00:00,V0030,Vendor_30 Pvt Ltd,30KHBUJ5683A1Z7,TN,MP,6203,21490.67,1023.37,0.05,road,1135,MH26XW0712,264,31.32,1099,0,none
INV-2024-000090,2024-04-06 17:00:00,V0005,Vendor_5 Pvt Ltd,33HQJJF2966F1ZY,RJ,TN,2710,10164.64,1550.54,0.18,rail,1031,MH39FE7779,240,29.35,1032,0,none
INV-2024-000091,2024-05-02 16:00:00,V0026,Vendor_26 Pvt Ltd,35SOCYR1035N1Z8,MP,RJ,3004,27559.18,2952.77,0.12,air,1004,MH25MC9489,240,22.85,201,0,none
INV-2024-000092,2024-07-30 08:00:00,V0021,Vendor_21 Pvt Ltd,30KYOPB0653I1ZD,TN,KA,7308,215698.23,32903.12,0.18,air,83,MH54DI3846,24,5.8,2773,0,none
INV-2024-000093,2024-09-07 18:00:00,V0017,Vendor_17 Pvt Ltd,30ENDEM8088D1Z3,TN,KA,8501,3434.44,523.9,0.18,road,1550,MH74XO6008,360,29.75,2701,0,none
INV-2024-000094,2024-01-04 14:00:00,V0049,Vendor_49 Pvt Ltd,34CYQVS4792Z1ZY,WB,DL,7308,35817.63,5463.71,0.18,ship,1498,MH40QY9605,336,40.29,2010,0,none
INV-2024-000095,2024-01-09 16:00:00,V0001,Vendor_1 Pvt Ltd,28AHFTR8040G1ZE,DL,GJ,2710,44356.3,6766.22,0.18,air,85,MH49EX5262,24,4.88,2099,0,none
INV-2024-000096,2024-07-22 09:00:00,V0018,Vendor_18 Pvt Ltd,35VZYWE4240M1Z0,MP,WB,6203,43906.86,2090.8,0.05,ship,1207,MH28CZ6043,288,32.47,1629,0,none
INV-2024-000097,2024-11-22 08:00:00,V0004,Vendor_4 Pvt Ltd,28OVQWP7022C1ZE,DL,WB,8517,83521.18,12740.52,0.18,ship,1781,MH58CN0288,408,42.2,443,0,none
INV-2024-000098,2024-01-24 09:00:00,V0018,Vendor_18 Pvt Ltd,35VZYWE4240M1Z0,MP,MP,3004,18937.78,2029.05,0.12,rail,1204,MH80FD8892,288,24.94,1629,0,none
INV-2024-000099,2024-07-18 18:00:00,V0037,Vendor_37 Pvt Ltd,30DRXWX7286O1Z3,TN,RJ,8443,34871.07,5319.32,0.18,ship,1597,MH60TI0206,360,33.23,2313,0,none
INV-2024-000100,2024-06-16 08:00:00,V0050,Vendor_50 Pvt Ltd,34LTGWV0824T1ZO,WB,WB,8501,2990.35,456.16,0.18,rail,517,MH46RC6770,120,15.6,1407,0,none
INV-2024-000101,2024-12-30 18:00:00,V0025,Vendor_25 Pvt Ltd,31NGXBQ8031I1ZA,GJ,UP,6203,12669.31,603.3,0.05,road,788,MH33HD1454,168,21.94,1839,0,none
INV-2024-000102,2024-06-30 16:00:00,V0006,Vendor_6 Pvt Ltd,29MHYRF3708Z1ZK,KA,MH,6203,19103.27,191.03,0.05,air,647,MH75ZG5612,144,17.61,1673,1,tax_mismatch
INV-2024-000103,2024-03-15 09:00:00,V0032,Vendor_32 Pvt Ltd,27SAYNS7630V1ZL,MH,RJ,3004,154929.26,16599.56,0.12,air,663,MH22QP1139,144,15.31,2582,0,none
INV-2024-000104,2024-07-13 13:00:00,V0040,Vendor_40 Pvt Ltd,28SGIXC1312N1ZQ,DL,AP,6203,30611.62,1457.7,0.05,rail,328,MH64EK3769,72,10.53,1385,0,none
INV-2024-000105,2024-07-11 12:00:00,V0021,Vendor_21 Pvt Ltd,30KYOPB0653I1ZD,TN,UP,6203,143775.38,6846.45,0.05,road,283,MH91TA7927,48,6.45,2773,0,none
INV-2024-000106,2024-12-10 15:00:00,V0027,Vendor_27 Pvt Ltd,31JYZBJ6635N1Z9,GJ,TN,3004,4159.15,445.62,0.12,road,567,MH70ZM4596,120,14.16,999,0,none
INV-2024-000107,2024-12-25 16:00:00,V0024,Vendor_24 Pvt Ltd,35HRYDD1526W1ZL,MP,DL,8517,8405.25,1282.16,0.18,road,1624,MH16OQ6937,384,42.41,863,0,none
INV-2024-000108,2024-02-20 12:00:00,V0001,Vendor_1 Pvt Ltd,28AHFTR8040G1ZE,DL,MP,2710,48319.48,7370.77,0.18,road,1238,MH34RR1942,288,25.38,2099,0,none
INV-2024-000109,2024-03-13 13:00:00,V0008,Vendor_8 Pvt Ltd,35GPXKF9500D1Z9,MP,TN,8501,34351.48,5240.06,0.18,rail,1117,MH46IH8186,264,26.16,2600,0,none
INV-2024-000110,2024-05-04 16:00:00,V0048,Vendor_48 Pvt Ltd,31WPDZU3435K1Z0,GJ,UP,9403,101841.01,15535.07,0.18,ship,1196,MH76ER3784,264,28.58,1750,0,none
INV-2024-000111,2024-01-03 11:00:00,V0025,Vendor_25 Pvt Ltd,31NGXBQ8031I1ZA,GJ,AP,8517,7761.01,1183.88,0.18,ship,258,MH31CR4933,48,7.3,1839,0,none
INV-2024-000112,2024-02-28 13:00:00,V0038,Vendor_38 Pvt Ltd,30XDDMN5374X1ZW,TN,AP,8501,2873.34,438.31,0.18,ship,403,MH26CD1316,96,10.4,1777,0,none
INV-2024-000113,2024-11-01 10:00:00,V0027,Vendor_27 Pvt Ltd,31JYZBJ6635N1Z9,GJ,KA,6203,8797.7,418.94,0.05,air,1046,MH69OM1340,240,23.64,999,0,none
INV-2024-000114,2024-09-05 10:00:00,V0001,Vendor_1 Pvt Ltd,28AHFTR8040G1ZE,DL,MP,6203,28790.02,1370.95,0.05,rail,1085,MH47LE5720,240,23.37,2099,0,none
INV-2024-000115,2024-05-27 10:00:00,V0035,Vendor_35 Pvt Ltd,34UYTRH6609H1ZJ,WB,WB,8704,86890.53,19007.3,0.28,ship,1175,MH25ZO7742,264,27.32,950,0,none
INV-2024-000116,2024-11-30 11:00:00,V0007,Vendor_7 Pvt Ltd,31BXOSF4861E1ZF,GJ,WB,8471,172847.98,26366.64,0.18,ship,588,MH49UG8537,120,16.9,2329,0,none
INV-2024-000117,2024-11-11 10:00:00,V0011,Vendor_11 Pvt Ltd,28WHQPD7575A1ZK,DL,MH,7308,17548.48,2676.89,0.18,road,1217,MH53SH2896,288,29.65,2031,0,none
INV-2024-000118,2024-07-29 08:00:00,V0009,Vendor_9 Pvt Ltd,29UKBJZ5980X1Z7,KA,KA,9403,26778.32,4084.83,0.18,road,561,MH28KD6630,120,16.48,2822,0,none
INV-2024-000119,2024-09-20 12:00:00,V0026,Vendor_26 Pvt Ltd,35SOCYR1035N1Z8,MP,WB,8443,22809.94,3479.48,0.18,ship,1996,MH88CZ6687,456,45.03,201,0,none
INV-2024-000120,2024-08-07 11:00:00,V0014,Vendor_14 Pvt Ltd,32LNDFI5220U1Z3,UP,GJ,8443,1640.19,250.2,0.18,rail,741,MH87XT0680,168,16.61,967,0,none
INV-2024-000121,2024-08-21 08:00:00,V0029,Vendor_29 Pvt Ltd,29UCWWF8437H1ZE,KA,TN,6203,7505.77,357.42,0.05,road,1460,MH38WC3066,336,28.93,126,0,none
INV-2024-000122,2024-11-16 12:00:00,V0026,Vendor_26 Pvt Ltd,35SOCYR1035N1Z8,MP,RJ,7308,18156.48,2769.63,0.18,ship,1392,MH20PN4031,312,38.62,201,0,none
INV-2024-000123,2024-03-08 15:00:00,V0045,Vendor_45 Pvt Ltd,34AOZJQ7679G1Z1,WB,DL,8517,492054.68,552.59,0.18,rail,261,MH17TD9150,48,9.74,23,1,new_vendor_high_value
INV-2024-000124,2024-03-18 14:00:00,V0041,Vendor_41 Pvt Ltd,35MBVKU9085P1Z0,MP,TN,8501,61243.97,9342.3,0.18,air,227,MH17JL7262,48,5.37,1470,0,none
INV-2024-000125,2024-12-19 08:00:00,V0050,Vendor_50 Pvt Ltd,34LTGWV0824T1ZO,WB,TN,3004,2966.17,317.8,0.12,road,1110,MH36UU2326,264,23.69,1407,0,none
INV-2024-000126,2024-01-07 13:00:00,V0034,Vendor_34 Pvt Ltd,29QHOAH4564O1ZD,KA,RJ,9403,8618.1,1314.63,0.18,road,1812,MH51MZ0502,432,34.63,2123,0,none
INV-2024-000127,2024-09-16 12:00:00,V0026,Vendor_26 Pvt Ltd,35SOCYR1035N1Z8,MP,RJ,2710,25293.63,3858.35,0.18,ship,917,MH56HI5285,216,18.7,201,0,none
INV-2024-000128,2024-11-20 18:00:00,V0038,Vendor_38 Pvt Ltd,30XDDMN5374X1ZW,TN,GJ,8517,3751.12,572.2,0.18,rail,1480,MH22YD6066,336,36.08,1777,0,none
INV-2024-000129,2024-01-07 10:00:00,V0008,Vendor_8 Pvt Ltd,35GPXKF9500D1Z9,MP,WB,9403,49764.59,7591.21,0.18,ship,760,MH71DU2870,168,19.16,2600,0,none
INV-2024-000130,2024-09-25 09:00:00,V0018,Vendor_18 Pvt Ltd,35VZYWE4240M1Z0,MP,DL,8704,95336.16,20854.79,0.28,road,1066,MH45JG1572,240,25.06,1629,0,none
INV-2024-000131,2024-01-07 11:00:00,V0003,Vendor_3 Pvt Ltd,31EYICC8687R1Z7,GJ,KA,6203,61543.11,615.43,0.05,road,416,MH59TK3472,96,10.71,1580,1,tax_mismatch
INV-2024-000132,2024-07-09 09:00:00,V0037,Vendor_37 Pvt Ltd,30DRXWX7286O1Z3,TN,KA,8471,20085.9,3063.95,0.18,rail,507,MH90MH8350,120,13.14,2313,0,none
INV-2024-000133,2024-10-15 12:00:00,V0019,Vendor_19 Pvt Ltd,31YUHSS7641G1Z3,GJ,WB,7308,4827.16,736.35,0.18,air,804,MH71XT2042,192,18.63,2402,0,none
INV-2024-000134,2024-12-21 08:00:00,V0041,Vendor_41 Pvt Ltd,35MBVKU9085P1Z0,MP,RJ,8471,64805.7,9885.62,0.18,rail,1788,MH29KY9120,408,35.37,1470,0,none
INV-2024-000135,2024-07-30 13:00:00,V0034,Vendor_34 Pvt Ltd,29QHOAH4564O1ZD,KA,AP,8517,5661.03,863.55,0.18,ship,245,MH35BR1289,48,8.05,2123,0,none
INV-2024-000136,2024-06-16 13:00:00,V0045,Vendor_45 Pvt Ltd,34AOZJQ7679G1Z1,WB,DL,7308,4970.99,758.29,0.18,air,1982,MH51EM4592,456,52.81,2574,0,none
INV-2024-000137,2024-05-15 09:00:00,V0030,Vendor_30 Pvt Ltd,30KHBUJ5683A1Z7,TN,MH,8704,18755.88,4102.85,0.28,ship,490,MH02JN6290,15,65.0,1099,1,eway_expired
INV-2024-000138,2024-10-08 11:00:00,V0048,Vendor_48 Pvt Ltd,31WPDZU3435K1Z0,GJ,DL,9403,480158.77,73244.56,0.18,road,74,MH21KR9059,24,5.37,1750,1,amount_spike
INV-2024-000139,2024-04-11 18:00:00,V0005,Vendor_5 Pvt Ltd,33HQJJF2966F1ZY,RJ,DL,9403,11852.55,1808.02,0.18,ship,1903,MH19BY4743,456,37.3,1032,0,none
INV-2024-000140,2024-06-30 11:00:00,V0012,Vendor_12 Pvt Ltd,27CJZUG2507C1ZY,MH,GJ,3004,6871.83,736.27,0.12,rail,963,MH62HK5021,216,17.97,545,0,none
INV-2024-000141,2024-09-26 11:00:00,V0042,Vendor_42 Pvt Ltd,31TWYKT5622N1ZV,GJ,MH,2710,22630.1,3452.05,0.18,air,833,MH54XN3132,192,17.35,148,0,none
INV-2024-000142,2024-08-29 16:00:00,V0004,Vendor_4 Pvt Ltd,28OVQWP7022C1ZE,DL,TN,8704,192951.73,42208.19,0.28,air,376,MH28XB9287,72,13.0,443,0,none
INV-2024-000143,2024-03-31 11:00:00,V0012,Vendor_12 Pvt Ltd,27CJZUG2507C1ZY,MH,AP,8443,13722.08,2093.2,0.18,road,107,MH51YV8951,24,4.09,545,0,none
INV-2024-000144,2024-01-29 11:00:00,V0006,Vendor_6 Pvt Ltd,29MHYRF3708Z1ZK,KA,MP,8471,10104.54,1541.37,0.18,rail,1028,MH21SX8305,240,33.11,1673,0,none
INV-2024-000145,2024-02-26 16:00:00,V0050,Vendor_50 Pvt Ltd,34LTGWV0824T1ZO,WB,UP,8517,2845.87,434.12,0.18,rail,1492,MH13DE9796,336,27.67,1407,0,none
INV-2024-000146,2024-10-14 17:00:00,V0046,Vendor_46 Pvt Ltd,29GMCYM2369W1Z7,KA,AP,7308,10832.58,1652.43,0.18,road,1718,MH61SY9399,408,45.54,700,0,none
INV-2024-000147,2024-11-04 13:00:00,V0012,Vendor_12 Pvt Ltd,27CJZUG2507C1ZY,MH,TN,8704,8844.77,1934.79,0.28,air,1359,MH17GZ1807,312,31.47,545,0,none
INV-2024-000148,2024-01-06 12:00:00,V0029,Vendor_29 Pvt Ltd,29UCWWF8437H1ZE,KA,UP,8517,11392.65,1737.86,0.18,ship,575,MH04KE4833,120,13.68,126,0,none
INV-2024-000149,2024-11-29 18:00:00,V0037,Vendor_37 Pvt Ltd,30DRXWX7286O1Z3,TN,DL,8501,28967.21,4418.73,0.18,road,1686,MH39BE3758,384,31.91,2313,0,none
INV-2024-000150,2024-10-31 17:00:00,V0022,Vendor_22 Pvt Ltd,32GKRHI7049D1Z4,UP,RJ,8471,10634.73,1622.25,0.18,air,1980,MH40IZ4595,456,41.39,2232,0,none
INV-2024-000151,2024-05-01 09:00:00,V0020,Vendor_20 Pvt Ltd,35BIBMX5058C1Z4,MP,MH,9403,4667.37,711.97,0.18,road,788,INVALID_3346,168,23.72,2795,1,vehicle_mismatch
INV-2024-000152,2024-11-24 16:00:00,V0006,Vendor_6 Pvt Ltd,29MHYRF3708Z1ZK,KA,RJ,8443,20813.34,3174.92,0.18,ship,806,MH42VO1606,192,21.45,1673,0,none
INV-2024-000153,2024-10-28 11:00:00,V0049,Vendor_49 Pvt Ltd,34CYQVS4792Z1ZY,WB,MP,6203,51305.97,2443.14,0.05,rail,907,MH95GH3805,216,18.4,2010,0,none
INV-2024-000154,2024-08-17 10:00:00,V0008,Vendor_8 Pvt Ltd,35GPXKF9500D1Z9,MP,TN,9403,84325.75,12863.25,0.18,road,1705,MH06FV1537,408,43.95,2600,0,none
INV-2024-000155,2024-07-17 16:00:00,V0006,Vendor_6 Pvt Ltd,29MHYRF3708Z1ZK,KA,GJ,8443,9585.13,1462.14,0.18,road,1114,MH76NK4157,264,27.6,1673,0,none
INV-2024-000156,2024-10-15 09:00:00,V0007,Vendor_7 Pvt Ltd,31BXOSF4861E1ZF,GJ,UP,2710,100702.45,15361.39,0.18,air,1847,MH46AH1660,432,42.95,2329,0,none
INV-2024-000157,2024-05-01 08:00:00,V0045,Vendor_45 Pvt Ltd,34AOZJQ7679G1Z1,WB,UP,3004,4590.7,491.86,0.12,air,91,MH38WR9237,24,5.48,2574,0,none
INV-2024-000158,2024-08-01 17:00:00,V0018,Vendor_18 Pvt Ltd,35VZYWE4240M1Z0,MP,WB,7308,39442.97,6016.72,0.18,road,482,MH45JB7074,96,10.56,1629,0,none
INV-2024-000159,2024-04-08 11:00:00,V0012,Vendor_12 Pvt Ltd,27CJZUG2507C1ZY,MH,MH,7308,15477.51,2360.98,0.18,ship,984,MH13MK9624,216,29.22,545,0,none
INV-2024-000160,2024-08-30 17:00:00,V0012,Vendor_12 Pvt Ltd,27CJZUG2507C1ZY,MH,KA,8443,58818.8,8972.36,0.18,rail,1765,MH62KE5986,408,34.02,545,0,none
INV-2024-000161,2024-11-29 14:00:00,V0018,Vendor_18 Pvt Ltd,35VZYWE4240M1Z0,MP,WB,8471,40354.29,6155.74,0.18,air,1916,MH82PY7728,456,51.54,1629,0,none
INV-2024-000162,2024-05-09 11:00:00,V0030,Vendor_30 Pvt Ltd,30KHBUJ5683A1Z7,TN,AP,2710,24445.31,3728.95,0.18,air,863,MH99VO5264,192,18.42,1099,0,none
INV-2024-000163,2024-11-23 13:00:00,V0018,Vendor_18 Pvt Ltd,35VZYWE4240M1Z0,MP,GJ,3004,47037.36,5039.72,0.12,air,435,MH88UP6676,96,14.52,1629,0,none
INV-2024-000164,2024-08-02 14:00:00,V0017,Vendor_17 Pvt Ltd,30ENDEM8088D1Z3,TN,AP,8471,8477.4,1293.16,0.18,rail,1500,MH37RQ4933,360,28.5,2701,0,none
INV-2024-000165,2024-10-12 10:00:00,V0043,Vendor_43 Pvt Ltd,33IRKEM1603S1Z1,RJ,KA,8501,16900.77,2578.08,0.18,air,1567,MH71RI0373,360,41.21,373,0,none
INV-2024-000166,2024-05-13 17:00:00,V0024,Vendor_24 Pvt Ltd,35HRYDD1526W1ZL,MP,WB,8517,5398.57,823.51,0.18,rail,159,MH90XN8320,24,5.56,863,0,none
INV-2024-000167,2024-04-12 13:00:00,V0009,Vendor_9 Pvt Ltd,29UKBJZ5980X1Z7,KA,WB,8704,9204.99,2013.59,0.28,rail,343,MH74QE6027,72,11.14,2822,0,none
INV-2024-000168,2024-03-22 15:00:00,V0037,Vendor_37 Pvt Ltd,30DRXWX7286O1Z3,TN,KA,8517,25742.76,3926.86,0.18,rail,1308,MH44AN7987,312,30.82,2313,0,none
INV-2024-000169,2024-12-12 08:00:00,V0002,Vendor_2 Pvt Ltd,36AFQOF5808W1ZR,AP,TN,7308,15366.38,2344.02,0.18,air,1470,MH15HB0945,336,27.76,1423,0,none
INV-2024-000170,2024-12-17 10:00:00,V0028,Vendor_28 Pvt Ltd,29ZVWAT3988Z1ZF,KA,UP,8501,35724.33,5449.47,0.18,air,1586,MH94FS1751,360,43.78,1122,0,none
INV-2024-000171,2024-11-29 08:00:00,V0046,Vendor_46 Pvt Ltd,29GMCYM2369W1Z7,KA,MP,3004,23436.51,2511.05,0.12,rail,1326,MH66AR4354,312,40.6,700,0,none
INV-2024-000172,2024-12-21 18:00:00,V0014,Vendor_14 Pvt Ltd,32LNDFI5220U1Z3,UP,RJ,3004,1050.64,112.57,0.12,ship,1405,MH67KX5627,336,40.0,967,0,none
INV-2024-000173,2024-11-07 11:00:00,V0013,Vendor_13 Pvt Ltd,29RYENP9976W1ZJ,KA,TN,2710,38748.94,5910.86,0.18,ship,783,MH04FY3069,168,16.78,1664,0,none
INV-2024-000174,2024-02-16 16:00:00,V0010,Vendor_10 Pvt Ltd,35TTIHE0779Y1ZB,MP,TN,3004,469155.9,50266.7,0.12,road,985,MH40EB2837,216,18.38,2109,1,amount_spike
INV-2024-000175,2024-01-05 10:00:00,V0003,Vendor_3 Pvt Ltd,31EYICC8687R1Z7,GJ,UP,9403,39674.09,6051.98,0.18,ship,782,MH27JI1448,168,17.5,1580,0,none
INV-2024-000176,2024-11-28 10:00:00,V0027,Vendor_27 Pvt Ltd,31JYZBJ6635N1Z9,GJ,KA,8471,8556.0,1305.15,0.18,rail,262,MH86EJ3068,48,8.54,999,0,none
INV-2024-000177,2024-09-06 09:00:00,V0031,Vendor_31 Pvt Ltd,29PZAPI7491S1ZC,KA,MH,8501,10978.17,1674.64,0.18,road,179,MH76TO5963,24,6.25,1073,0,none
INV-2024-000178,2024-12-04 11:00:00,V0028,Vendor_28 Pvt Ltd,29ZVWAT3988Z1ZF,KA,KA,6203,22465.58,1069.79,0.05,air,1768,MH60YN4417,408,35.44,1122,0,none
INV-2024-000179,2024-06-18 12:00:00,V0016,Vendor_16 Pvt Ltd,OUADVWKSHY8N,RJ,RJ,2710,8426.47,1285.39,0.18,ship,875,MH45CM3970,192,17.02,477,1,invalid_gstin
INV-2024-000180,2024-04-24 15:00:00,V0004,Vendor_4 Pvt Ltd,28OVQWP7022C1ZE,DL,AP,8704,179777.44,39326.32,0.28,air,1018,MH40RA3675,240,21.33,443,0,none
INV-2024-000181,2024-02-24 08:00:00,V0045,Vendor_45 Pvt Ltd,34AOZJQ7679G1Z1,WB,KA,8501,2789.53,425.52,0.18,road,1733,MH16EY3477,408,35.91,2574,0,none
INV-2024-000182,2024-07-31 08:00:00,V0049,Vendor_49 Pvt Ltd,34CYQVS4792Z1ZY,WB,DL,8704,36276.5,7935.48,0.28,rail,1631,MH55ZA7545,384,30.84,2010,0,none
INV-2024-000183,2024-10-23 10:00:00,V0045,Vendor_45 Pvt Ltd,34AOZJQ7679G1Z1,WB,DL,9403,3804.74,580.38,0.18,air,843,MH38KP6233,192,19.21,2574,0,none
INV-2024-000184,2024-03-09 10:00:00,V0029,Vendor_29 Pvt Ltd,29UCWWF8437H1ZE,KA,GJ,2710,8255.16,1259.26,0.18,rail,1776,MH79QF6236,408,37.39,126,0,none
INV-2024-000185,2024-10-04 18:00:00,V0033,Vendor_33 Pvt Ltd,32RDXNR3651V1ZO,UP,UP,8517,51091.89,7793.68,0.18,road,1201,MH64TV2885,288,28.26,2804,0,none
INV-2024-000186,2024-03-15 08:00:00,V0025,Vendor_25 Pvt Ltd,31NGXBQ8031I1ZA,GJ,GJ,7308,14769.33,2252.95,0.18,rail,1586,MH61BU2534,360,32.98,1839,0,none
INV-2024-000187,2024-11-27 16:00:00,V0048,Vendor_48 Pvt Ltd,31WPDZU3435K1Z0,GJ,GJ,2710,34838.89,5314.41,0.18,ship,1469,MH39ZI5026,336,32.24,1750,0,none
INV-2024-000188,2024-11-20 18:00:00,V0015,Vendor_15 Pvt Ltd,28XWBGR2195P1ZF,DL,MP,8704,2994.94,655.14,0.28,ship,1562,MH92ER1153,360,34.52,1967,0,none
INV-2024-000189,2024-10-11 12:00:00,V0018,Vendor_18 Pvt Ltd,35VZYWE4240M1Z0,MP,GJ,8704,24646.3,5391.38,0.28,air,61,MH11IB9664,24,4.54,1629,0,none
INV-2024-000190,2024-12-28 13:00:00,V0005,Vendor_5 Pvt Ltd,33HQJJF2966F1ZY,RJ,MP,9403,23388.26,3567.7,0.18,ship,189,MH54JW6329,24,4.94,1032,0,none
INV-2024-000191,2024-11-28 08:00:00,V0036,Vendor_36 Pvt Ltd,30DBZPT4857M1ZV,TN,WB,8443,3707.0,565.48,0.18,air,542,MH69RI9935,120,12.25,1666,0,none
INV-2024-000192,2024-09-21 13:00:00,V0002,Vendor_2 Pvt Ltd,36AFQOF5808W1ZR,AP,WB,2710,17821.99,2718.61,0.18,rail,1046,MH15YE9500,240,32.67,1423,0,none
INV-2024-000193,2024-08-05 09:00:00,V0044,Vendor_44 Pvt Ltd,33DMBJF3737N1ZG,RJ,DL,6203,18782.3,894.4,0.05,ship,1579,MH70BE2089,360,31.35,365,0,none
INV-2024-000194,2024-08-18 18:00:00,V0025,Vendor_25 Pvt Ltd,31NGXBQ8031I1ZA,GJ,MH,8443,16204.48,2471.87,0.18,air,847,MH66TP7091,192,18.95,1839,0,none
INV-2024-000195,2024-02-14 12:00:00,V0039,Vendor_39 Pvt Ltd,35LEWLT8274H1ZH,MP,RJ,8501,2768.49,422.31,0.18,air,859,MH12TU8262,192,16.56,1831,0,none
INV-2024-000196,2024-10-10 16:00:00,V0001,Vendor_1 Pvt Ltd,28AHFTR8040G1ZE,DL,MH,8471,34970.37,5334.46,0.18,rail,1222,MH93TX3465,288,27.09,2099,0,none
INV-2024-000197,2024-04-23 17:00:00,V0012,Vendor_12 Pvt Ltd,27CJZUG2507C1ZY,MH,DL,7308,10416.5,1588.96,0.18,rail,421,MH07ZO6062,96,10.83,545,0,none
INV-2024-000198,2024-10-24 15:00:00,V0047,Vendor_47 Pvt Ltd,31CAIRY3706U1ZF,GJ,KA,8443,9758.58,1488.6,0.18,air,1424,MH69IL6355,336,29.01,447,0,none
INV-2024-000199,2024-08-07 10:00:00,V0021,Vendor_21 Pvt Ltd,4FTJ5CCASBUO,TN,RJ,7308,259097.63,39523.37,0.18,air,616,MH78MJ3516,144,12.4,2773,1,invalid_gstin
INV-2024-000200,2024-04-18 08:00:00,V0038,Vendor_38 Pvt Ltd,30XDDMN5374X1ZW,TN,MP,2710,2466.09,376.18,0.18,road,1016,MH38PW1503,240,21.23,1777,0,none
INV-2024-000201,2024-05-02 17:00:00,V0043,Vendor_43 Pvt Ltd,33IRKEM1603S1Z1,RJ,KA,2710,11578.07,1766.15,0.18,air,963,MH58DT9072,216,27.4,373,0,none
INV-2024-000202,2024-04-29 08:00:00,V0024,Vendor_24 Pvt Ltd,35HRYDD1526W1ZL,MP,UP,2710,5752.83,877.55,0.18,rail,844,MH09IS5882,192,20.42,863,0,none
INV-2024-000203,2024-11-30 14:00:00,V0025,Vendor_25 Pvt Ltd,31NGXBQ8031I1ZA,GJ,MP,8517,26785.16,4085.87,0.18,rail,565,MH53WM4651,120,16.44,1839,0,none
INV-2024-000204,2024-02-09 16:00:00,V0015,Vendor_15 Pvt Ltd,28XWBGR2195P1ZF,DL,KA,7308,4201.03,640.83,0.18,ship,432,MH86KI1645,96,13.9,1967,0,none
INV-2024-000205,2024-05-04 08:00:00,V0002,Vendor_2 Pvt Ltd,36AFQOF5808W1ZR,AP,KA,8704,10161.23,2222.77,0.28,air,325,MH50GE9550,72,7.52,1423,0,none
INV-2024-000206,2024-04-20 15:00:00,V0006,Vendor_6 Pvt Ltd,29MHYRF3708Z1ZK,KA,WB,8501,13702.62,2090.23,0.18,road,399,MH15TQ5169,72,12.09,1673,0,none
INV-2024-000207,2024-07-12 14:00:00,V0015,Vendor_15 Pvt Ltd,28XWBGR2195P1ZF,DL,TN,8471,4614.06,703.84,0.18,road,1120,MH41CM6075,264,22.34,1967,0,none
INV-2024-000208,2024-09-03 18:00:00,V0006,Vendor_6 Pvt Ltd,29MHYRF3708Z1ZK,KA,MP,8704,12531.09,2741.18,0.28,ship,1744,MH64KW6494,408,53.6,1673,0,none
INV-2024-000209,2024-10-28 17:00:00,V0023,Vendor_23 Pvt Ltd,30NDJBG2453Z1ZX,TN,WB,3004,500000.0,53571.43,0.12,road,1618,MH28KE7751,384,43.22,62,1,round_amount
INV-2024-000210,2024-04-15 13:00:00,V0042,Vendor_42 Pvt Ltd,31TWYKT5622N1ZV,GJ,KA,8517,36882.61,5626.16,0.18,ship,922,MH84JH6747,216,19.74,148,0,none
INV-2024-000211,2024-07-08 16:00:00,V0012,Vendor_12 Pvt Ltd,27CJZUG2507C1ZY,MH,GJ,3004,8693.68,931.47,0.12,ship,1233,MH78RT4612,288,31.39,545,0,none
INV-2024-000212,2024-10-08 17:00:00,V0022,Vendor_22 Pvt Ltd,32GKRHI7049D1Z4,UP,KA,8471,16403.64,2502.25,0.18,ship,846,MH01YL0200,192,15.33,2232,0,none
INV-2024-000213,2024-11-10 18:00:00,V0026,Vendor_26 Pvt Ltd,35SOCYR1035N1Z8,MP,MH,8704,6881.56,1505.34,0.28,rail,1986,MH40WY5175,456,38.07,201,0,none
INV-2024-000214,2024-03-27 18:00:00,V0040,Vendor_40 Pvt Ltd,M3I8QOAGSUSM,DL,KA,8471,18517.63,2824.72,0.18,air,227,MH33PN7002,48,7.13,1385,1,invalid_gstin
INV-2024-000215,2024-09-19 12:00:00,V0008,Vendor_8 Pvt Ltd,35GPXKF9500D1Z9,MP,GJ,8704,50005.81,10938.77,0.28,air,1471,MH42IU6884,336,34.06,2600,0,none
INV-2024-000216,2024-07-14 18:00:00,V0005,Vendor_5 Pvt Ltd,33HQJJF2966F1ZY,RJ,TN,7308,10096.08,1540.08,0.18,rail,1688,MH50VG0680,384,43.22,1032,0,none
INV-2024-000217,2024-06-09 13:00:00,V0031,Vendor_31 Pvt Ltd,29PZAPI7491S1ZC,KA,GJ,8704,20556.17,4496.66,0.28,air,424,MH94FT8222,96,10.28,1073,0,none
INV-2024-000218,2024-02-24 09:00:00,V0010,Vendor_10 Pvt Ltd,35TTIHE0779Y1ZB,MP,AP,8501,23837.51,3636.23,0.18,air,63,MH04QM9884,24,3.79,2109,0,none
INV-2024-000219,2024-04-23 17:00:00,V0026,Vendor_26 Pvt Ltd,35SOCYR1035N1Z8,MP,RJ,2710,21101.29,3218.84,0.18,rail,1029,MH38UL1530,240,18.69,201,0,none
INV-2024-000220,2024-10-24 09:00:00,V0025,Vendor_25 Pvt Ltd,31NGXBQ8031I1ZA,GJ,GJ,8704,12076.74,2641.79,0.28,air,433,MH46JM2738,96,10.6,1839,0,none
INV-2024-000221,2024-04-02 17:00:00,V0029,Vendor_29 Pvt Ltd,29UCWWF8437H1ZE,KA,TN,8704,19067.54,4171.03,0.28,ship,1717,MH24JD9181,408,47.6,126,0,none
INV-2024-000222,2024-11-18 16:00:00,V0009,Vendor_9 Pvt Ltd,29UKBJZ5980X1Z7,KA,WB,8443,7060.6,1077.04,0.18,air,664,MH00EF2807,144,19.66,2822,0,none
INV-2024-000223,2024-07-03 16:00:00,V0024,Vendor_24 Pvt Ltd,35HRYDD1526W1ZL,MP,UP,3004,6345.92,679.92,0.12,ship,90,MH66OQ5923,24,4.04,863,0,none
INV-2024-000224,2024-08-16 09:00:00,V0050,Vendor_50 Pvt Ltd,34LTGWV0824T1ZO,WB,WB,3004,2666.29,285.67,0.12,air,1343,MH69KP4903,312,26.4,1407,0,none
INV-2024-000225,2024-11-30 12:00:00,V0021,Vendor_21 Pvt Ltd,30KYOPB0653I1ZD,TN,RJ,8704,86350.95,18889.27,0.28,air,605,MH97NL1812,144,13.92,2773,0,none
INV-2024-000226,2024-12-24 09:00:00,V0048,Vendor_48 Pvt Ltd,31WPDZU3435K1Z0,GJ,DL,6203,94220.03,4486.67,0.05,ship,245,MH50KT0216,48,10.33,1750,0,none
INV-2024-000227,2024-04-27 11:00:00,V0020,Vendor_20 Pvt Ltd,35BIBMX5058C1Z4,MP,KA,8501,4380.24,668.17,0.18,rail,318,MH03XW4895,72,8.11,2795,0,none
INV-2024-000228,2024-10-03 10:00:00,V0045,Vendor_45 Pvt Ltd,34AOZJQ7679G1Z1,WB,AP,8501,2938.6,448.26,0.18,road,940,MH33OU4323,216,22.47,2574,0,none
INV-2024-000229,2024-03-10 13:00:00,V0034,Vendor_34 Pvt Ltd,29QHOAH4564O1ZD,KA,MH,2710,6365.63,971.03,0.18,ship,1458,MH40LH2034,336,28.96,2123,0,none
INV-2024-000230,2024-05-07 10:00:00,V0026,Vendor_26 Pvt Ltd,35SOCYR1035N1Z8,MP,RJ,6203,21568.34,1027.06,0.05,ship,501,MH27XU6278,120,14.32,201,0,none
INV-2024-000231,2024-02-05 10:00:00,V0013,Vendor_13 Pvt Ltd,29RYENP9976W1ZJ,KA,WB,8517,30815.15,4700.62,0.18,ship,1315,MH43DZ0921,312,31.49,1664,0,none
INV-2024-000231,2024-01-05 11:00:00,V0047,Vendor_47 Pvt Ltd,31CAIRY3706U1ZF,GJ,TN,8501,16516.01,2519.39,0.18,ship,750,MH43SA0712,168,19.84,447,1,duplicate_invoice
INV-2024-000233,2024-08-28 10:00:00,V0035,Vendor_35 Pvt Ltd,34UYTRH6609H1ZJ,WB,RJ,3004,111464.41,11942.62,0.12,rail,1746,MH73ZG9170,408,53.36,950,0,none
INV-2024-000234,2024-07-18 18:00:00,V0031,Vendor_31 Pvt Ltd,29PZAPI7491S1ZC,KA,KA,8443,6521.28,994.77,0.18,rail,1338,MH51MH3069,312,28.38,1073,0,none
INV-2024-000235,2024-08-10 13:00:00,V0041,Vendor_41 Pvt Ltd,35MBVKU9085P1Z0,MP,DL,8704,125413.71,27434.25,0.28,air,860,MH07MP3010,18,33.0,1470,1,eway_expired
INV-2024-000236,2024-07-01 18:00:00,V0004,Vendor_4 Pvt Ltd,28OVQWP7022C1ZE,DL,DL,2710,62742.9,9570.95,0.18,air,307,MH56JX7037,72,8.45,443,0,none
INV-2024-000237,2024-09-05 15:00:00,V0003,Vendor_3 Pvt Ltd,31EYICC8687R1Z7,GJ,WB,2710,45094.35,6878.8,0.18,air,438,MH34WP8154,96,11.54,1580,0,none
INV-2024-000238,2024-07-06 15:00:00,V0035,Vendor_35 Pvt Ltd,34UYTRH6609H1ZJ,WB,MH,9403,427430.02,11407.97,0.18,air,1319,MH27RO3545,312,26.71,30,1,new_vendor_high_value
INV-2024-000239,2024-02-19 16:00:00,V0008,Vendor_8 Pvt Ltd,35GPXKF9500D1Z9,MP,KA,8471,61902.66,9442.78,0.18,air,415,MH40OV6572,96,8.91,2600,0,none
INV-2024-000240,2024-11-06 09:00:00,V0015,Vendor_15 Pvt Ltd,4CHSDINGXU8U,DL,DL,8501,2166.83,330.53,0.18,road,1008,MH59KJ7820,240,19.5,1967,1,invalid_gstin
INV-2024-000241,2024-07-31 09:00:00,V0036,Vendor_36 Pvt Ltd,30DBZPT4857M1ZV,TN,UP,8704,4683.21,1024.45,0.28,air,1431,MH81EK3194,336,33.79,1666,0,none
INV-2024-000242,2024-10-08 13:00:00,V0021,Vendor_21 Pvt Ltd,30KYOPB0653I1ZD,TN,RJ,6203,104985.57,4999.31,0.05,road,1741,MH52TY2943,408,35.58,2773,0,none
INV-2024-000243,2024-11-01 08:00:00,V0019,Vendor_19 Pvt Ltd,31YUHSS7641G1Z3,GJ,MH,3004,5852.51,627.05,0.12,road,665,MH37YV9555,144,12.8,2402,0,none
INV-2024-000244,2024-08-23 13:00:00,V0003,Vendor_3 Pvt Ltd,31EYICC8687R1Z7,GJ,UP,3004,67310.2,7211.81,0.12,road,1871,MH80KX7771,432,39.46,1580,0,none
INV-2024-000245,2024-11-24 12:00:00,V0039,Vendor_39 Pvt Ltd,35LEWLT8274H1ZH,MP,MH,8517,279770.37,787.35,0.18,ship,1937,MH84WW2660,456,37.73,43,1,new_vendor_high_value
INV-2024-000246,2024-06-12 16:00:00,V0003,Vendor_3 Pvt Ltd,31EYICC8687R1Z7,GJ,MP,8443,36317.77,5540.0,0.18,rail,1479,MH73LP5223,336,37.65,1580,0,none
INV-2024-000247,2024-02-12 15:00:00,V0022,Vendor_22 Pvt Ltd,32GKRHI7049D1Z4,UP,MP,8471,24074.5,3672.38,0.18,rail,867,MH46TM1355,192,23.06,2232,0,none
INV-2024-000248,2024-02-06 12:00:00,V0016,Vendor_16 Pvt Ltd,33ECLLM7690M1ZL,RJ,AP,8443,12684.99,1935.0,0.18,ship,233,MH31IR7138,48,8.4,477,0,none
INV-2024-000249,2024-03-15 15:00:00,V0040,Vendor_40 Pvt Ltd,KQL0HT1TW9ZY,DL,UP,7308,38614.31,5890.32,0.18,road,369,MH10YY8806,72,10.4,1385,1,invalid_gstin
INV-2024-000250,2024-10-25 18:00:00,V0025,Vendor_25 Pvt Ltd,31NGXBQ8031I1ZA,GJ,KA,3004,14744.01,1579.72,0.12,road,173,MH60RA3286,24,7.48,1839,0,none
INV-2024-000251,2024-05-29 18:00:00,V0002,Vendor_2 Pvt Ltd,36AFQOF5808W1ZR,AP,MP,6203,13392.96,637.76,0.05,air,1503,MH85EN4902,360,42.04,1423,0,none
INV-2024-000252,2024-09-07 14:00:00,V0022,Vendor_22 Pvt Ltd,32GKRHI7049D1Z4,UP,UP,8471,13426.64,2048.13,0.18,road,1451,MH29NV6888,336,36.01,2232,0,none
INV-2024-000253,2024-05-23 11:00:00,V0036,Vendor_36 Pvt Ltd,30DBZPT4857M1ZV,TN,KA,6203,6863.04,326.81,0.05,ship,229,MH68RK5436,48,6.86,1666,0,none
INV-2024-000254,2024-03-08 11:00:00,V0035,Vendor_35 Pvt Ltd,34UYTRH6609H1ZJ,WB,MP,8704,75448.23,16504.3,0.28,rail,1450,MH37ND9919,336,29.95,950,0,none
INV-2024-000255,2024-02-04 16:00:00,V0021,Vendor_21 Pvt Ltd,30KYOPB0653I1ZD,TN,KA,8517,126806.54,19343.37,0.18,air,700,MH03ZY3786,168,13.94,2773,0,none
INV-2024-000256,2024-04-06 09:00:00,V0010,Vendor_10 Pvt Ltd,35TTIHE0779Y1ZB,MP,AP,8471,44267.37,6752.65,0.18,air,1313,MH22RJ6456,312,34.21,2109,0,none
INV-2024-000257,2024-07-17 15:00:00,V0012,Vendor_12 Pvt Ltd,27CJZUG2507C1ZY,MH,TN,9403,20998.16,3203.11,0.18,ship,513,MH02KT9709,120,17.62,545,0,none
INV-2024-000258,2024-09-07 13:00:00,V0040,Vendor_40 Pvt Ltd,28SGIXC1312N1ZQ,DL,RJ,7308,22017.77,3358.64,0.18,road,879,MH87KY5567,192,18.98,1385,0,none
INV-2024-000259,2024-02-25 15:00:00,V0034,Vendor_34 Pvt Ltd,29QHOAH4564O1ZD,KA,TN,8471,7704.7,1175.29,0.18,air,1112,MH03TZ1487,264,26.9,2123,0,none
INV-2024-000260,2024-03-26 14:00:00,V0030,Vendor_30 Pvt Ltd,30KHBUJ5683A1Z7,TN,MP,8471,14315.39,2183.7,0.18,ship,1900,MH47CU9614,456,52.77,1099,0,none
INV-2024-000261,2024-04-01 15:00:00,V0002,Vendor_2 Pvt Ltd,36AFQOF5808W1ZR,AP,WB,7308,17103.02,2608.94,0.18,ship,234,MH97SD1435,48,8.75,1423,0,none
INV-2024-000262,2024-09-18 17:00:00,V0047,Vendor_47 Pvt Ltd,31CAIRY3706U1ZF,GJ,MP,6203,19667.92,936.57,0.05,ship,829,MH38WE1703,192,24.48,447,0,none
INV-2024-000263,2024-11-16 10:00:00,V0019,Vendor_19 Pvt Ltd,31YUHSS7641G1Z3,GJ,TN,9403,10306.58,1572.19,0.18,ship,57,MH48OA8254,24,2.89,2402,0,none
INV-2024-000264,2024-02-10 17:00:00,V0029,Vendor_29 Pvt Ltd,29UCWWF8437H1ZE,KA,MP,7308,14833.41,2262.72,0.18,air,619,MH80DQ0868,144,14.93,126,0,none
INV-2024-000265,2024-02-14 08:00:00,V0022,Vendor_22 Pvt Ltd,32GKRHI7049D1Z4,UP,KA,9403,28318.2,4319.73,0.18,air,1426,MH65OZ7307,336,36.85,2232,0,none
INV-2024-000266,2024-07-13 09:00:00,V0024,Vendor_24 Pvt Ltd,35HRYDD1526W1ZL,MP,DL,2710,4018.66,613.02,0.18,road,649,MH83KF2059,144,15.24,863,0,none
INV-2024-000267,2024-12-18 17:00:00,V0031,Vendor_31 Pvt Ltd,29PZAPI7491S1ZC,KA,RJ,3004,14055.0,1505.89,0.12,rail,1296,MH56YP4748,288,24.84,1073,0,none
INV-2024-000265,2024-05-28 11:00:00,V0046,Vendor_46 Pvt Ltd,29GMCYM2369W1Z7,KA,DL,8501,8201.56,1251.09,0.18,road,1560,MH94IO6022,360,31.16,700,1,duplicate_invoice
INV-2024-000269,2024-09-16 16:00:00,V0020,Vendor_20 Pvt Ltd,35BIBMX5058C1Z4,MP,DL,8471,4605.02,702.46,0.18,road,1454,MH59VF8944,336,35.74,2795,0,none
INV-2024-000270,2024-03-10 15:00:00,V0042,Vendor_42 Pvt Ltd,31TWYKT5622N1ZV,GJ,MP,8501,25683.0,3917.75,0.18,air,1884,MH47VH7352,432,46.78,148,0,none
INV-2024-000271,2024-02-03 10:00:00,V0023,Vendor_23 Pvt Ltd,30NDJBG2453Z1ZX,TN,UP,8471,24830.6,3787.72,0.18,ship,818,MH53PW7730,192,19.67,62,0,none
INV-2024-000272,2024-09-11 11:00:00,V0006,Vendor_6 Pvt Ltd,29MHYRF3708Z1ZK,KA,TN,3004,21101.48,2260.87,0.12,ship,1125,MH77XL0451,264,27.77,1673,0,none
INV-2024-000273,2024-09-25 12:00:00,V0047,Vendor_47 Pvt Ltd,31CAIRY3706U1ZF,GJ,DL,9403,9135.7,1393.58,0.18,road,1733,MH92AK8130,408,31.65,447,0,none
INV-2024-000274,2024-08-27 08:00:00,V0022,Vendor_22 Pvt Ltd,32GKRHI7049D1Z4,UP,MH,3004,38794.1,4156.51,0.12,road,1232,MH22HN7621,288,25.75,2232,0,none
INV-2024-000275,2024-11-14 16:00:00,V0001,Vendor_1 Pvt Ltd,28AHFTR8040G1ZE,DL,MP,7308,26732.89,4077.9,0.18,road,767,MH98OE3850,168,17.55,2099,0,none
INV-2024-000276,2024-12-11 08:00:00,V0031,Vendor_31 Pvt Ltd,29PZAPI7491S1ZC,KA,DL,8471,6583.2,1004.22,0.18,road,923,MH86RL3317,216,23.72,1073,0,none
INV-2024-000277,2024-08-26 17:00:00,V0049,Vendor_49 Pvt Ltd,34CYQVS4792Z1ZY,WB,DL,8501,52869.73,8064.87,0.18,air,983,MH74YD8231,216,25.92,2010,0,none
INV-2024-000278,2024-08-20 15:00:00,V0021,Vendor_21 Pvt Ltd,30KYOPB0653I1ZD,TN,UP,8517,175508.65,26772.51,0.18,air,1030,INVALID_5446,240,23.65,2773,1,vehicle_mismatch
INV-2024-000279,2024-03-22 15:00:00,V0036,Vendor_36 Pvt Ltd,30DBZPT4857M1ZV,TN,TN,8443,6533.09,996.57,0.18,ship,1716,MH95IS1677,408,35.07,1666,0,none
INV-2024-000280,2024-10-30 17:00:00,V0008,Vendor_8 Pvt Ltd,35GPXKF9500D1Z9,MP,DL,2710,71129.67,10850.29,0.18,rail,1733,MH45RP8360,408,39.49,2600,0,none
INV-2024-000281,2024-10-24 18:00:00,V0009,Vendor_9 Pvt Ltd,29UKBJZ5980X1Z7,KA,KA,9403,12478.12,1903.44,0.18,ship,977,MH51RI5939,216,22.41,2822,0,none
INV-2024-000282,2024-06-25 09:00:00,V0046,Vendor_46 Pvt Ltd,29GMCYM2369W1Z7,KA,MP,8704,6485.25,1418.65,0.28,road,877,MH09ZA5912,192,19.17,700,0,none
INV-2024-000283,2024-08-09 17:00:00,V0016,Vendor_16 Pvt Ltd,33ECLLM7690M1ZL,RJ,RJ,8443,11563.13,1763.87,0.18,rail,881,MH64EJ9819,192,22.42,477,0,none
INV-2024-000284,2024-01-06 09:00:00,V0009,Vendor_9 Pvt Ltd,29UKBJZ5980X1Z7,KA,WB,9403,9564.05,1458.92,0.18,ship,1397,MH06KL7641,312,34.39,2822,0,none
INV-2024-000285,2024-08-18 14:00:00,V0036,Vendor_36 Pvt Ltd,30DBZPT4857M1ZV,TN,RJ,9403,7517.85,1146.79,0.18,air,1288,MH77HY5004,288,39.1,1666,0,none
INV-2024-000286,2024-10-24 15:00:00,V0008,Vendor_8 Pvt Ltd,35GPXKF9500D1Z9,MP,KA,8517,52161.44,7956.83,0.18,road,1545,MH97MC8047,360,32.95,2600,0,none
INV-2024-000287,2024-11-20 16:00:00,V0044,Vendor_44 Pvt Ltd,33DMBJF3737N1ZG,RJ,AP,3004,11031.13,1181.91,0.12,rail,158,MH04XO3392,24,5.35,365,0,none
INV-2024-000288,2024-12-21 17:00:00,V0003,Vendor_3 Pvt Ltd,31EYICC8687R1Z7,GJ,GJ,8704,42136.6,9217.38,0.28,air,175,MH56HT0410,24,6.18,1580,0,none
INV-2024-000289,2024-03-08 17:00:00,V0017,Vendor_17 Pvt Ltd,30ENDEM8088D1Z3,TN,MH,3004,7706.16,825.66,0.12,road,1568,MH51LV2747,360,43.02,2701,0,none
INV-2024-000290,2024-02-13 10:00:00,V0022,Vendor_22 Pvt Ltd,32GKRHI7049D1Z4,UP,WB,9403,13407.62,2045.23,0.18,road,1591,MH24QF7367,360,29.9,2232,0,none
INV-2024-000291,2024-03-26 15:00:00,V0004,Vendor_4 Pvt Ltd,28OVQWP7022C1ZE,DL,WB,3004,98592.22,10563.45,0.12,ship,1578,MH26KG5427,360,30.65,443,0,none
INV-2024-000292,2024-06-10 16:00:00,V0044,Vendor_44 Pvt Ltd,33DMBJF3737N1ZG,RJ,DL,8471,16918.29,2580.76,0.18,ship,1929,MH86QH2825,456,42.01,365,0,none
INV-2024-000293,2024-12-11 11:00:00,V0050,Vendor_50 Pvt Ltd,34LTGWV0824T1ZO,WB,TN,8704,2928.77,640.67,0.28,rail,1114,MH15RV0014,264,28.72,1407,0,none
INV-2024-000294,2024-05-25 12:00:00,V0047,Vendor_47 Pvt Ltd,31CAIRY3706U1ZF,GJ,AP,8471,10347.04,1578.36,0.18,rail,238,MH82PD9063,48,9.32,447,0,none
INV-2024-000295,2024-12-22 10:00:00,V0008,Vendor_8 Pvt Ltd,35GPXKF9500D1Z9,MP,DL,8501,45821.39,6989.7,0.18,ship,1358,MH76RU2720,312,33.29,2600,0,none
INV-2024-000296,2024-01-31 12:00:00,V0022,Vendor_22 Pvt Ltd,32GKRHI7049D1Z4,UP,KA,3004,18432.83,1974.95,0.12,ship,952,MH23QC5461,216,29.85,2232,0,none
INV-2024-000297,2024-05-12 09:00:00,V0046,Vendor_46 Pvt Ltd,29GMCYM2369W1Z7,KA,GJ,8704,82349.74,18014.01,0.28,ship,1641,MH16YR2795,384,39.25,700,1,amount_spike
INV-2024-000298,2024-02-05 16:00:00,V0026,Vendor_26 Pvt Ltd,35SOCYR1035N1Z8,MP,WB,6203,14330.16,682.39,0.05,road,298,MH36KQ9059,48,9.86,201,0,none
INV-2024-000299,2024-05-28 18:00:00,V0030,Vendor_30 Pvt Ltd,30KHBUJ5683A1Z7,TN,MH,2710,11644.51,1776.28,0.18,road,836,MH31RM8410,192,18.12,1099,0,none
INV-2024-000300,2024-10-30 11:00:00,V0047,Vendor_47 Pvt Ltd,31CAIRY3706U1ZF,GJ,MP,8517,11635.95,1774.98,0.18,ship,1367,MH84ZA0701,312,34.62,447,0,none
INV-2024-000301,2024-10-01 10:00:00,V0044,Vendor_44 Pvt Ltd,33DMBJF3737N1ZG,RJ,DL,7308,17379.36,2651.09,0.18,road,125,MH09QG6069,24,4.81,365,0,none
INV-2024-000302,2024-11-08 10:00:00,V0030,Vendor_30 Pvt Ltd,30KHBUJ5683A1Z7,TN,DL,8517,28004.21,4271.83,0.18,rail,283,MH28LV9639,48,9.36,1099,0,none
INV-2024-000303,2024-04-19 08:00:00,V0021,Vendor_21 Pvt Ltd,30KYOPB0653I1ZD,TN,DL,8443,180203.56,27488.68,0.18,ship,297,MH13EG5176,48,10.37,2773,0,none
INV-2024-000304,2024-03-21 08:00:00,V0050,Vendor_50 Pvt Ltd,34LTGWV0824T1ZO,WB,MH,8517,2490.84,379.96,0.18,ship,64,MH68KU7626,24,2.89,1407,0,none
INV-2024-000305,2024-05-02 10:00:00,V0027,Vendor_27 Pvt Ltd,31JYZBJ6635N1Z9,GJ,AP,8471,5492.84,837.89,0.18,air,418,MH08HK5199,96,10.73,999,0,none
INV-2024-000306,2024-10-03 16:00:00,V0049,Vendor_49 Pvt Ltd,34CYQVS4792Z1ZY,WB,GJ,7308,22277.45,3398.25,0.18,ship,158,MH69ME6062,24,7.36,2010,0,none
INV-2024-000307,2024-06-20 17:00:00,V0017,Vendor_17 Pvt Ltd,30ENDEM8088D1Z3,TN,MH,8501,6484.68,989.19,0.18,rail,263,MH17MD8753,48,8.69,2701,0,none
INV-2024-000308,2024-12-12 13:00:00,V0048,Vendor_48 Pvt Ltd,31WPDZU3435K1Z0,GJ,UP,8517,69778.64,10644.2,0.18,ship,516,MH83FM4819,120,16.99,1750,0,none
INV-2024-000309,2024-07-17 13:00:00,V0012,Vendor_12 Pvt Ltd,27CJZUG2507C1ZY,MH,UP,7308,14331.45,2186.15,0.18,rail,602,MH60DW4138,144,16.41,545,0,none
INV-2024-000310,2024-11-09 10:00:00,V0041,Vendor_41 Pvt Ltd,35MBVKU9085P1Z0,MP,TN,2710,38379.07,5854.43,0.18,ship,227,MH82MM0482,48,7.58,1470,0,none
INV-2024-000311,2024-04-23 17:00:00,V0038,Vendor_38 Pvt Ltd,30XDDMN5374X1ZW,TN,MH,8704,2581.52,564.71,0.28,rail,905,MH47AN4784,216,16.33,1777,0,none
INV-2024-000312,2024-10-12 08:00:00,V0006,Vendor_6 Pvt Ltd,29MHYRF3708Z1ZK,KA,TN,6203,30703.48,1462.07,0.05,ship,321,MH90RE4559,72,9.02,1673,0,none
INV-2024-000313,2024-03-11 14:00:00,V0050,Vendor_50 Pvt Ltd,34LTGWV0824T1ZO,WB,WB,8443,2542.36,387.82,0.18,rail,1491,MH08IA4295,336,32.91,1407,0,none
INV-2024-000314,2024-02-11 17:00:00,V0044,Vendor_44 Pvt Ltd,33DMBJF3737N1ZG,RJ,MP,8471,18022.21,2749.15,0.18,rail,1986,MH03MB3675,456,36.48,365,0,none
INV-2024-000315,2024-06-20 11:00:00,V0009,Vendor_9 Pvt Ltd,29UKBJZ5980X1Z7,KA,AP,8501,16525.97,2520.91,0.18,ship,1834,MH72JG6203,432,32.73,2822,0,none
INV-2024-000316,2024-09-26 09:00:00,V0033,Vendor_33 Pvt Ltd,32RDXNR3651V1ZO,UP,MP,2710,18459.14,2815.8,0.18,rail,1892,MH79VY0840,432,47.58,2804,0,none
INV-2024-000317,2024-02-09 09:00:00,V0019,Vendor_19 Pvt Ltd,31YUHSS7641G1Z3,GJ,KA,8517,8103.15,1236.07,0.18,road,1066,MH90KR9447,240,29.11,2402,0,none
INV-2024-000318,2024-04-06 09:00:00,V0019,Vendor_19 Pvt Ltd,GJR81BMQF7ZK,GJ,UP,2710,7445.82,1135.8,0.18,air,893,MH74RN5458,192,21.02,2402,1,invalid_gstin
INV-2024-000319,2024-12-28 18:00:00,V0012,Vendor_12 Pvt Ltd,27CJZUG2507C1ZY,MH,TN,9403,13097.74,1997.96,0.18,rail,289,MH12EO0333,48,9.97,545,0,none
INV-2024-000320,2024-06-03 09:00:00,V0035,Vendor_35 Pvt Ltd,34UYTRH6609H1ZJ,WB,WB,6203,43384.17,2065.91,0.05,rail,1623,MH30TZ3742,384,44.38,950,0,none
INV-2024-000321,2024-08-14 13:00:00,V0037,Vendor_37 Pvt Ltd,30DRXWX7286O1Z3,TN,MH,8501,28579.37,4359.56,0.18,air,335,MH06FJ3615,72,7.8,2313,0,none
INV-2024-000322,2024-01-12 09:00:00,V0013,Vendor_13 Pvt Ltd,29RYENP9976W1ZJ,KA,DL,8501,35938.13,5482.09,0.18,road,1098,MH65BR3743,240,26.95,1664,0,none
INV-2024-000323,2024-06-25 13:00:00,V0019,Vendor_19 Pvt Ltd,31YUHSS7641G1Z3,GJ,MP,8501,13237.76,2019.32,0.18,road,229,MH74LE7874,48,9.33,2402,0,none
INV-2024-000324,2024-04-16 12:00:00,V0010,Vendor_10 Pvt Ltd,35TTIHE0779Y1ZB,MP,UP,2710,61993.22,9456.59,0.18,rail,185,MH30QH1459,24,5.94,2109,0,none
INV-2024-000325,2024-07-14 12:00:00,V0012,Vendor_12 Pvt Ltd,27CJZUG2507C1ZY,MH,GJ,8471,29803.98,4546.37,0.18,air,1759,MH72UE3661,408,37.92,545,0,none
INV-2024-000326,2024-04-01 15:00:00,V0027,Vendor_27 Pvt Ltd,31JYZBJ6635N1Z9,GJ,MH,7308,4071.91,621.14,0.18,road,294,MH95JM4269,48,7.91,999,0,none
INV-2024-000327,2024-09-19 17:00:00,V0024,Vendor_24 Pvt Ltd,35HRYDD1526W1ZL,MP,AP,9403,5648.98,861.71,0.18,road,169,MH63BJ6902,16,42.0,863,1,eway_expired
INV-2024-000328,2024-11-17 10:00:00,V0050,Vendor_50 Pvt Ltd,34LTGWV0824T1ZO,WB,KA,8704,2857.46,625.07,0.28,rail,1163,MH87HS3531,264,28.95,1407,0,none
INV-2024-000329,2024-05-24 13:00:00,V0034,Vendor_34 Pvt Ltd,29QHOAH4564O1ZD,KA,UP,6203,14863.56,707.79,0.05,road,1936,MH12EX6855,456,34.82,2123,0,none
INV-2024-000330,2024-08-23 09:00:00,V0027,Vendor_27 Pvt Ltd,31JYZBJ6635N1Z9,GJ,MH,9403,4005.76,611.05,0.18,road,1032,MH14ZN9137,240,26.69,999,0,none
INV-2024-000331,2024-03-06 10:00:00,V0015,Vendor_15 Pvt Ltd,28XWBGR2195P1ZF,DL,KA,3004,1986.66,212.86,0.12,road,479,MH67CU7017,96,13.76,1967,0,none
INV-2024-000332,2024-03-01 12:00:00,V0031,Vendor_31 Pvt Ltd,29PZAPI7491S1ZC,KA,DL,8471,8418.57,1284.19,0.18,air,1652,MH52RA1725,10,62.0,1073,1,eway_expired
INV-2024-000333,2024-11-09 11:00:00,V0050,Vendor_50 Pvt Ltd,34LTGWV0824T1ZO,WB,DL,8517,1135.46,173.21,0.18,ship,1728,MH21HX5902,408,35.98,1407,0,none
INV-2024-000334,2024-12-23 17:00:00,V0024,Vendor_24 Pvt Ltd,35HRYDD1526W1ZL,MP,KA,8517,3229.23,492.59,0.18,air,1759,MH22CZ1117,408,42.23,863,0,none
INV-2024-000335,2024-01-21 09:00:00,V0036,Vendor_36 Pvt Ltd,30DBZPT4857M1ZV,TN,RJ,8517,3756.84,573.08,0.18,ship,630,MH68FK9488,144,16.78,1666,0,none
INV-2024-000336,2024-07-07 10:00:00,V0044,Vendor_44 Pvt Ltd,33DMBJF3737N1ZG,RJ,RJ,8517,16298.58,2486.22,0.18,rail,947,INVALID_3591,216,22.73,365,1,vehicle_mismatch
INV-2024-000337,2024-09-12 12:00:00,V0028,Vendor_28 Pvt Ltd,29ZVWAT3988Z1ZF,KA,AP,8704,39637.86,8670.78,0.28,road,609,MH93RY9514,144,14.7,1122,0,none
INV-2024-000338,2024-09-07 15:00:00,V0017,Vendor_17 Pvt Ltd,30ENDEM8088D1Z3,TN,MH,9403,13836.58,2110.66,0.18,ship,253,MH40EP3367,48,8.22,2701,0,none
INV-2024-000339,2024-04-13 12:00:00,V0030,Vendor_30 Pvt Ltd,30KHBUJ5683A1Z7,TN,MP,8501,22700.38,3462.77,0.18,ship,585,MH50TZ8148,120,15.48,1099,0,none
INV-2024-000340,2024-01-19 08:00:00,V0030,Vendor_30 Pvt Ltd,30KHBUJ5683A1Z7,TN,KA,3004,12322.79,1320.3,0.12,rail,1056,MH37OM5545,240,25.01,1099,0,none
INV-2024-000341,2024-01-29 14:00:00,V0033,Vendor_33 Pvt Ltd,32RDXNR3651V1ZO,UP,RJ,8704,15130.04,3309.7,0.28,air,1313,MH20PD3857,312,28.59,2804,0,none
INV-2024-000342,2024-02-19 14:00:00,V0025,Vendor_25 Pvt Ltd,31NGXBQ8031I1ZA,GJ,RJ,8443,13953.82,2128.55,0.18,road,769,MH23CR8115,168,22.85,1839,0,none
INV-2024-000343,2024-12-02 14:00:00,V0030,Vendor_30 Pvt Ltd,30KHBUJ5683A1Z7,TN,GJ,6203,9153.34,435.87,0.05,air,91,MH93KO8163,24,4.5,1099,0,none
INV-2024-000344,2024-11-10 12:00:00,V0011,Vendor_11 Pvt Ltd,28WHQPD7575A1ZK,DL,TN,6203,26277.87,1251.33,0.05,road,1067,MH08FG2586,240,24.89,2031,0,none
INV-2024-000345,2024-10-23 09:00:00,V0046,Vendor_46 Pvt Ltd,29GMCYM2369W1Z7,KA,DL,3004,14882.82,1594.59,0.12,ship,1210,MH27QH8452,288,24.41,700,0,none
INV-2024-000346,2024-11-15 16:00:00,V0017,Vendor_17 Pvt Ltd,30ENDEM8088D1Z3,TN,KA,2710,5415.02,826.02,0.18,ship,1854,MH85FZ7495,432,55.39,2701,0,none
INV-2024-000347,2024-11-16 08:00:00,V0037,Vendor_37 Pvt Ltd,30DRXWX7286O1Z3,TN,WB,8443,14262.41,2175.62,0.18,air,352,MH78KW9682,72,11.82,2313,0,none
INV-2024-000348,2024-03-23 12:00:00,V0042,Vendor_42 Pvt Ltd,31TWYKT5622N1ZV,GJ,RJ,7308,46499.22,7093.1,0.18,rail,538,MH28MO4601,120,15.79,148,0,none
INV-2024-000349,2024-05-12 12:00:00,V0002,Vendor_2 Pvt Ltd,36AFQOF5808W1ZR,AP,MH,9403,17823.39,2718.82,0.18,road,1529,MH80PW9436,360,33.49,1423,0,none
INV-2024-000350,2024-03-12 11:00:00,V0026,Vendor_26 Pvt Ltd,35SOCYR1035N1Z8,MP,DL,2710,41284.14,6297.58,0.18,ship,1118,MH75MC5738,264,24.41,201,0,none
INV-2024-000351,2024-04-30 14:00:00,V0048,Vendor_48 Pvt Ltd,31WPDZU3435K1Z0,GJ,KA,8517,41389.21,6313.61,0.18,air,488,MH25MJ9346,96,10.55,1750,0,none
INV-2024-000352,2024-07-04 15:00:00,V0010,Vendor_10 Pvt Ltd,35TTIHE0779Y1ZB,MP,MH,3004,33233.78,3560.76,0.12,air,1371,MH86YR7253,312,25.99,2109,0,none
INV-2024-000353,2024-03-03 16:00:00,V0044,Vendor_44 Pvt Ltd,33DMBJF3737N1ZG,RJ,RJ,8501,15379.23,2345.98,0.18,air,66,MH92CV2289,24,3.32,365,0,none
INV-2024-000354,2024-11-25 14:00:00,V0050,Vendor_50 Pvt Ltd,34LTGWV0824T1ZO,WB,DL,3004,2705.78,289.9,0.12,road,1735,MH79IK9112,408,34.32,1407,0,none
INV-2024-000355,2024-08-03 17:00:00,V0023,Vendor_23 Pvt Ltd,30NDJBG2453Z1ZX,TN,UP,2710,19950.46,3043.29,0.18,road,978,MH61LQ0235,216,21.96,62,0,none
INV-2024-000356,2024-05-07 16:00:00,V0011,Vendor_11 Pvt Ltd,28WHQPD7575A1ZK,DL,AP,9403,16204.41,2471.86,0.18,air,1454,MH48DE5320,336,35.95,2031,0,none
INV-2024-000357,2024-07-20 14:00:00,V0012,Vendor_12 Pvt Ltd,27CJZUG2507C1ZY,MH,TN,8704,8217.95,1797.68,0.28,ship,92,MH66XZ1714,24,5.34,545,0,none
INV-2024-000358,2024-05-13 10:00:00,V0039,Vendor_39 Pvt Ltd,35LEWLT8274H1ZH,MP,AP,9403,4226.9,42.27,0.18,air,290,MH79VM2298,48,10.78,1831,1,tax_mismatch
INV-2024-000359,2024-09-10 14:00:00,V0019,Vendor_19 Pvt Ltd,31YUHSS7641G1Z3,GJ,AP,7308,7773.61,1185.8,0.18,air,491,MH64KD2269,96,10.05,2402,0,none
INV-2024-000360,2024-12-16 18:00:00,V0038,Vendor_38 Pvt Ltd,30XDDMN5374X1ZW,TN,WB,8471,2576.46,393.02,0.18,rail,322,MH32JL5050,72,9.59,1777,0,none
INV-2024-000361,2024-06-30 17:00:00,V0031,Vendor_31 Pvt Ltd,29PZAPI7491S1ZC,KA,MH,8704,14222.75,3111.23,0.28,air,60,MH33JZ5525,24,4.31,1073,0,none
INV-2024-000362,2024-03-08 09:00:00,V0030,Vendor_30 Pvt Ltd,30KHBUJ5683A1Z7,TN,RJ,2710,9898.22,1509.9,0.18,air,340,MH94ZH3492,72,10.13,1099,0,none
INV-2024-000363,2024-06-09 14:00:00,V0034,Vendor_34 Pvt Ltd,29QHOAH4564O1ZD,KA,WB,8443,3351.29,511.21,0.18,ship,1614,MH96LE0141,384,30.14,2123,0,none
INV-2024-000364,2024-02-29 15:00:00,V0028,Vendor_28 Pvt Ltd,29ZVWAT3988Z1ZF,KA,WB,2710,57636.33,576.36,0.18,rail,987,MH81CW1152,216,24.39,1122,1,tax_mismatch
INV-2024-000365,2024-01-03 16:00:00,V0038,Vendor_38 Pvt Ltd,30XDDMN5374X1ZW,TN,RJ,9403,2395.44,365.41,0.18,air,1935,MH68AR6359,456,55.71,1777,0,none
INV-2024-000366,2024-01-15 09:00:00,V0010,Vendor_10 Pvt Ltd,35TTIHE0779Y1ZB,MP,WB,8501,31309.52,4776.03,0.18,rail,1336,MH09RY3779,312,25.47,2109,0,none
INV-2024-000367,2024-01-25 18:00:00,V0014,Vendor_14 Pvt Ltd,32LNDFI5220U1Z3,UP,DL,8471,4123.78,629.05,0.18,air,1170,MH31ZW0817,264,22.04,967,0,none
INV-2024-000368,2024-11-30 10:00:00,V0042,Vendor_42 Pvt Ltd,31TWYKT5622N1ZV,GJ,RJ,8501,28336.66,4322.54,0.18,ship,1557,MH61RV5484,360,30.16,148,0,none
INV-2024-000369,2024-08-04 13:00:00,V0006,Vendor_6 Pvt Ltd,29MHYRF3708Z1ZK,KA,RJ,6203,26655.6,1269.31,0.05,ship,240,MH42RE4652,48,8.69,1673,0,none
INV-2024-000370,2024-09-01 12:00:00,V0006,Vendor_6 Pvt Ltd,29MHYRF3708Z1ZK,KA,GJ,9403,17086.48,2606.41,0.18,air,1773,MH55XN5447,408,45.3,1673,0,none
INV-2024-000369,2024-05-10 17:00:00,V0023,Vendor_23 Pvt Ltd,30NDJBG2453Z1ZX,TN,WB,8517,54466.06,8308.38,0.18,air,417,MH04SI7748,96,11.16,62,1,duplicate_invoice
INV-2024-000372,2024-04-04 09:00:00,V0014,Vendor_14 Pvt Ltd,32LNDFI5220U1Z3,UP,GJ,8704,4474.72,978.85,0.28,ship,1835,MH03AR4467,432,37.7,967,0,none
INV-2024-000373,2024-11-12 17:00:00,V0020,Vendor_20 Pvt Ltd,35BIBMX5058C1Z4,MP,GJ,6203,3661.58,174.36,0.05,rail,229,MH10ZW2664,48,7.05,2795,0,none
INV-2024-000374,2024-06-03 15:00:00,V0006,Vendor_6 Pvt Ltd,29MHYRF3708Z1ZK,KA,MH,6203,24530.29,1168.11,0.05,road,288,MH79MW5258,48,8.81,1673,0,none
INV-2024-000375,2024-01-05 09:00:00,V0022,Vendor_22 Pvt Ltd,32GKRHI7049D1Z4,UP,RJ,6203,21746.73,1035.56,0.05,ship,1787,MH79AK5799,408,40.44,2232,0,none
INV-2024-000376,2024-12-31 08:00:00,V0015,Vendor_15 Pvt Ltd,28XWBGR2195P1ZF,DL,AP,6203,4805.67,228.84,0.05,rail,696,MH68DQ6441,144,16.06,1967,0,none
INV-2024-000377,2024-06-25 15:00:00,V0031,Vendor_31 Pvt Ltd,29PZAPI7491S1ZC,KA,AP,7308,7273.43,1109.51,0.18,air,1911,MH87MW7349,456,40.43,1073,0,none
INV-2024-000378,2024-03-23 17:00:00,V0031,Vendor_31 Pvt Ltd,29PZAPI7491S1ZC,KA,WB,8517,14078.06,2147.5,0.18,air,314,MH47YM2593,72,9.45,1073,0,none
INV-2024-000379,2024-12-12 10:00:00,V0023,Vendor_23 Pvt Ltd,30NDJBG2453Z1ZX,TN,MH,2710,36475.78,5564.1,0.18,air,1702,MH61FG3308,408,48.81,62,0,none
INV-2024-000380,2024-12-19 16:00:00,V0010,Vendor_10 Pvt Ltd,35TTIHE0779Y1ZB,MP,MH,8517,20901.5,3188.36,0.18,road,1947,MH97ZU6815,456,36.59,2109,0,none
INV-2024-000381,2024-11-18 09:00:00,V0011,Vendor_11 Pvt Ltd,28WHQPD7575A1ZK,DL,KA,8443,7868.28,1200.25,0.18,ship,1541,MH57CQ3184,360,38.75,2031,0,none
INV-2024-000382,2024-01-04 11:00:00,V0050,Vendor_50 Pvt Ltd,34LTGWV0824T1ZO,WB,UP,8501,1174.57,179.17,0.18,ship,637,MH37JR1742,144,14.63,1407,0,none
INV-2024-000383,2024-07-28 15:00:00,V0027,Vendor_27 Pvt Ltd,31JYZBJ6635N1Z9,GJ,UP,2710,4969.35,758.04,0.18,road,1982,MH08YC3910,456,56.89,999,0,none
INV-2024-000384,2024-11-24 10:00:00,V0043,Vendor_43 Pvt Ltd,33IRKEM1603S1Z1,RJ,MP,8471,25546.07,3896.86,0.18,rail,655,MH78SI3896,144,18.06,373,0,none
INV-2024-000385,2024-07-25 15:00:00,V0045,Vendor_45 Pvt Ltd,34AOZJQ7679G1Z1,WB,AP,2710,6813.88,1039.4,0.18,rail,1664,MH38QU8053,384,35.31,2574,0,none
INV-2024-000386,2024-10-03 12:00:00,V0034,Vendor_34 Pvt Ltd,29QHOAH4564O1ZD,KA,MP,2710,6376.56,972.7,0.18,road,689,MH10UP2779,144,17.62,2123,0,none
INV-2024-000387,2024-01-31 13:00:00,V0047,Vendor_47 Pvt Ltd,31CAIRY3706U1ZF,GJ,UP,2710,24310.89,3708.44,0.18,rail,303,MH12TL9895,72,11.32,447,0,none
INV-2024-000388,2024-06-02 12:00:00,V0023,Vendor_23 Pvt Ltd,30NDJBG2453Z1ZX,TN,KA,8704,13752.74,3008.41,0.28,road,1512,MH15FU4144,360,37.23,62,0,none
INV-2024-000389,2024-08-05 10:00:00,V0004,Vendor_4 Pvt Ltd,28OVQWP7022C1ZE,DL,DL,8501,69305.73,10572.06,0.18,ship,806,MH57WP6969,192,17.73,443,0,none
INV-2024-000390,2024-03-14 16:00:00,V0011,Vendor_11 Pvt Ltd,28WHQPD7575A1ZK,DL,KA,8501,12353.31,1884.4,0.18,road,1492,MH64AE5918,336,33.78,2031,0,none
INV-2024-000391,2024-07-08 17:00:00,V0008,Vendor_8 Pvt Ltd,35GPXKF9500D1Z9,MP,KA,2710,64508.21,9840.24,0.18,rail,291,MH34UD5088,48,10.54,2600,0,none
INV-2024-000392,2024-09-07 08:00:00,V0012,Vendor_12 Pvt Ltd,27CJZUG2507C1ZY,MH,DL,8443,12432.22,1896.44,0.18,ship,1832,MH34IJ8811,432,53.17,545,0,none
INV-2024-000393,2024-08-18 18:00:00,V0049,Vendor_49 Pvt Ltd,34CYQVS4792Z1ZY,WB,DL,8443,14550.27,2219.53,0.18,rail,1688,MH39IB6420,384,36.22,2010,0,none
INV-2024-000394,2024-01-13 17:00:00,V0046,Vendor_46 Pvt Ltd,29GMCYM2369W1Z7,KA,MP,3004,8960.12,960.01,0.12,road,1371,MH16OB5148,312,38.67,700,0,none
INV-2024-000395,2024-09-29 10:00:00,V0043,Vendor_43 Pvt Ltd,33IRKEM1603S1Z1,RJ,TN,3004,11377.97,1219.07,0.12,rail,552,MH50NI5493,120,13.42,373,0,none
INV-2024-000396,2024-01-13 16:00:00,V0027,Vendor_27 Pvt Ltd,31JYZBJ6635N1Z9,GJ,DL,3004,7234.94,775.17,0.12,rail,284,MH21TE9609,48,7.4,999,0,none
INV-2024-000397,2024-12-31 08:00:00,V0002,Vendor_2 Pvt Ltd,36AFQOF5808W1ZR,AP,UP,8517,21605.91,3295.82,0.18,ship,341,MH38DF7547,72,9.5,1423,0,none
INV-2024-000398,2024-05-17 08:00:00,V0008,Vendor_8 Pvt Ltd,35GPXKF9500D1Z9,MP,RJ,2710,37985.88,5794.46,0.18,air,184,MH28GZ6257,24,6.13,2600,0,none
INV-2024-000399,2024-07-27 15:00:00,V0037,Vendor_37 Pvt Ltd,A7RV4NMWVSB0,TN,UP,9403,23042.36,3514.94,0.18,rail,1156,MH54XL0482,264,22.73,2313,1,invalid_gstin
INV-2024-000400,2024-02-05 12:00:00,V0037,Vendor_37 Pvt Ltd,30DRXWX7286O1Z3,TN,MP,9403,227813.12,34751.15,0.18,air,622,MH58WY6972,144,12.55,2313,1,amount_spike
INV-2024-000401,2024-11-02 13:00:00,V0030,Vendor_30 Pvt Ltd,30KHBUJ5683A1Z7,TN,AP,8471,500000.0,76271.19,0.18,road,1025,MH15SM3086,240,30.23,1099,1,round_amount
INV-2024-000402,2024-03-04 13:00:00,V0044,Vendor_44 Pvt Ltd,33DMBJF3737N1ZG,RJ,AP,6203,22487.9,1070.85,0.05,air,783,MH89DJ1077,168,21.05,365,0,none
INV-2024-000403,2024-02-16 17:00:00,V0013,Vendor_13 Pvt Ltd,29RYENP9976W1ZJ,KA,TN,7308,19852.08,3028.28,0.18,ship,1061,MH47PA9612,240,19.04,1664,0,none
INV-2024-000404,2024-10-09 11:00:00,V0011,Vendor_11 Pvt Ltd,28WHQPD7575A1ZK,DL,AP,8704,15452.37,3380.2,0.28,road,1207,MH71YW8728,288,33.41,2031,0,none
INV-2024-000405,2024-12-13 16:00:00,V0045,Vendor_45 Pvt Ltd,34AOZJQ7679G1Z1,WB,WB,2710,3021.99,460.98,0.18,air,54,MH90YL9264,24,3.85,2574,0,none
INV-2024-000406,2024-01-23 11:00:00,V0034,Vendor_34 Pvt Ltd,29QHOAH4564O1ZD,KA,WB,2710,431073.55,687.65,0.18,rail,697,MH05AT9402,144,21.42,14,1,new_vendor_high_value
INV-2024-000407,2024-11-16 09:00:00,V0041,Vendor_41 Pvt Ltd,35MBVKU9085P1Z0,MP,AP,8471,670254.21,7809.02,0.18,ship,1682,MH21GI0379,384,35.21,38,1,new_vendor_high_value
INV-2024-000408,2024-03-04 09:00:00,V0038,Vendor_38 Pvt Ltd,30XDDMN5374X1ZW,TN,RJ,8471,1386.17,211.45,0.18,road,691,MH70UB6410,144,15.15,1777,0,none
INV-2024-000409,2024-07-14 14:00:00,V0019,Vendor_19 Pvt Ltd,31YUHSS7641G1Z3,GJ,AP,7308,573297.35,905.6,0.18,air,1662,MH37WQ3974,384,33.31,16,1,new_vendor_high_value
INV-2024-000410,2024-01-07 17:00:00,V0007,Vendor_7 Pvt Ltd,31BXOSF4861E1ZF,GJ,TN,8704,90753.67,19852.37,0.28,ship,1902,MH24SL2703,456,41.47,2329,0,none
INV-2024-000411,2024-11-29 13:00:00,V0033,Vendor_33 Pvt Ltd,32RDXNR3651V1ZO,UP,KA,2710,47557.43,7254.52,0.18,road,351,MH29NR1285,72,10.32,2804,0,none
INV-2024-000412,2024-06-25 11:00:00,V0028,Vendor_28 Pvt Ltd,29ZVWAT3988Z1ZF,KA,DL,7308,35064.45,5348.81,0.18,road,749,MH64SW5323,168,21.28,1122,0,none
INV-2024-000413,2024-01-22 15:00:00,V0030,Vendor_30 Pvt Ltd,30KHBUJ5683A1Z7,TN,TN,8471,11732.02,1789.63,0.18,air,1469,MH27YI7219,336,38.91,1099,0,none
INV-2024-000414,2024-02-07 13:00:00,V0001,Vendor_1 Pvt Ltd,28AHFTR8040G1ZE,DL,GJ,9403,282686.57,43121.68,0.18,rail,951,MH70AF1873,216,26.62,2099,1,amount_spike
INV-2024-000415,2024-03-31 12:00:00,V0002,Vendor_2 Pvt Ltd,36AFQOF5808W1ZR,AP,KA,8471,17839.17,2721.23,0.18,ship,826,MH32LJ3157,192,19.73,1423,0,none
INV-2024-000416,2024-02-03 09:00:00,V0046,Vendor_46 Pvt Ltd,29GMCYM2369W1Z7,KA,TN,9403,8499.81,1296.58,0.18,rail,442,MH34QX7582,96,12.23,700,0,none
INV-2024-000417,2024-05-06 08:00:00,V0021,Vendor_21 Pvt Ltd,30KYOPB0653I1ZD,TN,KA,3004,163479.88,17515.7,0.12,air,1793,MH47UU6138,408,40.34,2773,0,none
INV-2024-000418,2024-09-22 15:00:00,V0032,Vendor_32 Pvt Ltd,27SAYNS7630V1ZL,MH,MP,8443,275333.1,41999.96,0.18,rail,1472,MH45QU6284,336,35.13,2582,0,none
INV-2024-000419,2024-04-21 12:00:00,V0026,Vendor_26 Pvt Ltd,35SOCYR1035N1Z8,MP,AP,6203,20351.43,969.12,0.05,ship,371,MH51CL3546,72,8.48,201,0,none
INV-2024-000420,2024-08-27 14:00:00,V0029,Vendor_29 Pvt Ltd,29UCWWF8437H1ZE,KA,UP,8501,8509.23,1298.02,0.18,rail,609,MH26JC8567,144,15.21,126,0,none
INV-2024-000421,2024-03-01 09:00:00,V0007,Vendor_7 Pvt Ltd,31BXOSF4861E1ZF,GJ,TN,2710,131273.04,20024.7,0.18,air,733,MH38RH7997,168,20.35,2329,0,none
INV-2024-000422,2024-06-02 12:00:00,V0001,Vendor_1 Pvt Ltd,28AHFTR8040G1ZE,DL,RJ,6203,15919.32,758.06,0.05,ship,1733,MH45TD3274,408,37.98,2099,0,none
INV-2024-000423,2024-08-24 13:00:00,V0047,Vendor_47 Pvt Ltd,31CAIRY3706U1ZF,GJ,TN,8443,6912.99,1054.52,0.18,air,928,MH24OJ5190,216,20.2,447,0,none
INV-2024-000424,2024-04-25 14:00:00,V0022,Vendor_22 Pvt Ltd,32GKRHI7049D1Z4,UP,MP,6203,29022.25,1382.01,0.05,ship,663,MH79DY3666,144,16.43,2232,0,none
INV-2024-000425,2024-04-14 14:00:00,V0025,Vendor_25 Pvt Ltd,31NGXBQ8031I1ZA,GJ,WB,7308,288220.07,3375.89,0.18,rail,272,MH63ER1860,48,10.18,34,1,new_vendor_high_value
INV-2024-000426,2024-04-15 11:00:00,V0019,Vendor_19 Pvt Ltd,31YUHSS7641G1Z3,GJ,DL,2710,6705.99,1022.95,0.18,rail,981,MH18KE1540,216,29.48,2402,0,none
INV-2024-000427,2024-04-15 12:00:00,V0009,Vendor_9 Pvt Ltd,29UKBJZ5980X1Z7,KA,KA,8501,15791.92,2408.94,0.18,rail,1286,MH27LF9486,288,27.98,2822,0,none
INV-2024-000428,2024-06-17 17:00:00,V0034,Vendor_34 Pvt Ltd,29QHOAH4564O1ZD,KA,WB,8501,7011.08,1069.49,0.18,ship,1229,MH69JV7388,288,35.43,2123,0,none
INV-2024-000429,2024-04-01 17:00:00,V0016,Vendor_16 Pvt Ltd,33ECLLM7690M1ZL,RJ,RJ,8501,38438.21,5863.46,0.18,road,1915,MH06BX1856,456,40.3,477,0,none
INV-2024-000430,2024-04-21 15:00:00,V0045,Vendor_45 Pvt Ltd,34AOZJQ7679G1Z1,WB,DL,2710,5846.53,891.84,0.18,ship,805,MH73LG5406,192,23.12,2574,0,none
INV-2024-000431,2024-06-24 14:00:00,V0025,Vendor_25 Pvt Ltd,31NGXBQ8031I1ZA,GJ,MH,6203,10889.71,518.56,0.05,ship,71,MH16ML0674,24,4.85,1839,0,none
INV-2024-000432,2024-03-23 10:00:00,V0018,Vendor_18 Pvt Ltd,35VZYWE4240M1Z0,MP,DL,8704,21913.99,4793.69,0.28,rail,412,MH30TR1320,96,12.33,1629,0,none
INV-2024-000433,2024-12-22 08:00:00,V0029,Vendor_29 Pvt Ltd,29UCWWF8437H1ZE,KA,DL,2710,5634.45,859.49,0.18,road,849,MH50JF2910,192,18.58,126,0,none
INV-2024-000434,2024-06-21 11:00:00,V0001,Vendor_1 Pvt Ltd,28AHFTR8040G1ZE,DL,TN,8517,43366.5,6615.23,0.18,ship,1856,MH67BN8366,432,53.11,2099,0,none
INV-2024-000435,2024-03-02 11:00:00,V0028,Vendor_28 Pvt Ltd,29ZVWAT3988Z1ZF,KA,UP,8443,25547.57,3897.09,0.18,ship,405,MH02FR2608,96,14.41,1122,0,none
INV-2024-000436,2024-11-02 15:00:00,V0020,Vendor_20 Pvt Ltd,35BIBMX5058C1Z4,MP,MP,8517,2290.06,349.33,0.18,air,1670,MH19PZ6696,384,31.49,2795,0,none
INV-2024-000437,2024-11-21 13:00:00,V0012,Vendor_12 Pvt Ltd,27CJZUG2507C1ZY,MH,DL,8501,9725.39,1483.53,0.18,road,736,MH45TN7007,168,24.5,545,0,none
INV-2024-000438,2024-05-01 14:00:00,V0020,Vendor_20 Pvt Ltd,35BIBMX5058C1Z4,MP,DL,8704,2624.42,574.09,0.28,rail,172,MH23QG7948,24,6.97,2795,0,none
INV-2024-000439,2024-06-11 18:00:00,V0018,Vendor_18 Pvt Ltd,35VZYWE4240M1Z0,MP,MP,8471,63067.03,9620.39,0.18,rail,1671,MH20WI2596,384,31.06,1629,0,none
INV-2024-000440,2024-12-22 11:00:00,V0044,Vendor_44 Pvt Ltd,33DMBJF3737N1ZG,RJ,MP,6203,21836.35,1039.83,0.05,rail,708,MH04YB9911,168,20.77,365,0,none
INV-2024-000441,2024-09-16 09:00:00,V0016,Vendor_16 Pvt Ltd,33ECLLM7690M1ZL,RJ,GJ,8501,11182.06,1705.74,0.18,air,386,MH12HL6270,72,9.01,477,0,none
INV-2024-000442,2024-07-12 10:00:00,V0026,Vendor_26 Pvt Ltd,35SOCYR1035N1Z8,MP,MP,6203,45482.58,2165.84,0.05,rail,1298,MH87AJ8795,288,27.6,201,0,none
INV-2024-000443,2024-03-30 12:00:00,V0036,Vendor_36 Pvt Ltd,30DBZPT4857M1ZV,TN,WB,3004,5249.75,562.47,0.12,ship,630,MH01ME1057,144,17.01,1666,0,none
INV-2024-000444,2024-07-31 14:00:00,V0026,Vendor_26 Pvt Ltd,35SOCYR1035N1Z8,MP,RJ,8443,17829.21,2719.71,0.18,air,1052,MH08ZD9179,240,28.6,201,0,none
INV-2024-000445,2024-12-29 15:00:00,V0033,Vendor_33 Pvt Ltd,32RDXNR3651V1ZO,UP,MH,8443,39856.99,6079.88,0.18,ship,1383,MH24XJ7061,312,33.26,2804,0,none
INV-2024-000446,2024-03-16 12:00:00,V0044,Vendor_44 Pvt Ltd,33DMBJF3737N1ZG,RJ,KA,8704,19038.9,4164.76,0.28,ship,75,MH73SZ0981,24,3.25,365,0,none
INV-2024-000447,2024-12-20 12:00:00,V0017,Vendor_17 Pvt Ltd,30ENDEM8088D1Z3,TN,RJ,2710,4314.36,658.12,0.18,ship,1250,MH87CQ7317,288,31.51,2701,0,none
INV-2024-000448,2024-06-06 08:00:00,V0045,Vendor_45 Pvt Ltd,34AOZJQ7679G1Z1,WB,MH,8501,3462.13,528.12,0.18,road,248,MH56TE3711,48,9.84,2574,0,none
INV-2024-000449,2024-10-17 11:00:00,V0029,Vendor_29 Pvt Ltd,29UCWWF8437H1ZE,KA,KA,8471,7547.61,1151.33,0.18,air,1707,MH94QQ8123,408,33.4,126,0,none
INV-2024-000450,2024-06-24 08:00:00,V0005,Vendor_5 Pvt Ltd,33HQJJF2966F1ZY,RJ,WB,8501,9565.29,1459.11,0.18,air,1427,MH29RU0273,336,27.45,1032,0,none
INV-2024-000451,2024-08-30 13:00:00,V0032,Vendor_32 Pvt Ltd,27SAYNS7630V1ZL,MH,UP,8443,294550.23,44931.39,0.18,ship,1446,MH89RJ0331,336,29.25,2582,0,none
INV-2024-000452,2024-07-24 10:00:00,V0045,Vendor_45 Pvt Ltd,34AOZJQ7679G1Z1,WB,GJ,2710,22788.85,3476.27,0.18,air,1997,MH36RM4199,456,41.5,2574,1,amount_spike
INV-2024-000453,2024-01-24 13:00:00,V0024,Vendor_24 Pvt Ltd,35HRYDD1526W1ZL,MP,AP,7308,2277.59,347.43,0.18,air,1042,MH04YY9897,240,25.99,863,0,none
INV-2024-000454,2024-04-09 10:00:00,V0039,Vendor_39 Pvt Ltd,35LEWLT8274H1ZH,MP,MP,8704,5604.72,1226.03,0.28,rail,115,MH36OW1416,24,6.4,1831,0,none
INV-2024-000455,2024-04-18 10:00:00,V0016,Vendor_16 Pvt Ltd,33ECLLM7690M1ZL,RJ,DL,8517,8647.26,1319.07,0.18,rail,940,MH93JH7696,216,16.8,477,0,none
INV-2024-000456,2024-11-20 15:00:00,V0035,Vendor_35 Pvt Ltd,34UYTRH6609H1ZJ,WB,AP,7308,48640.11,486.4,0.18,rail,1619,MH39TS6794,384,29.06,950,1,tax_mismatch
INV-2024-000457,2024-05-12 09:00:00,V0015,Vendor_15 Pvt Ltd,28XWBGR2195P1ZF,DL,DL,8517,2193.25,334.56,0.18,rail,746,MH71JW9500,168,17.75,1967,0,none
INV-2024-000458,2024-08-04 13:00:00,V0025,Vendor_25 Pvt Ltd,31NGXBQ8031I1ZA,GJ,MP,9403,8112.36,1237.48,0.18,air,1409,MH35LD9844,336,29.82,1839,0,none
INV-2024-000459,2024-12-06 08:00:00,V0010,Vendor_10 Pvt Ltd,35TTIHE0779Y1ZB,MP,MP,3004,43065.64,4614.18,0.12,rail,1460,MH74VM7393,336,42.32,2109,0,none
INV-2024-000460,2024-04-25 08:00:00,V0047,Vendor_47 Pvt Ltd,31CAIRY3706U1ZF,GJ,WB,9403,9089.3,1386.5,0.18,ship,1539,MH68ZO3697,360,38.31,447,0,none
INV-2024-000461,2024-09-27 12:00:00,V0005,Vendor_5 Pvt Ltd,33HQJJF2966F1ZY,RJ,MP,7308,18530.97,2826.76,0.18,ship,856,MH78BY3654,192,24.84,1032,0,none
INV-2024-000462,2024-03-15 11:00:00,V0019,Vendor_19 Pvt Ltd,31YUHSS7641G1Z3,GJ,MH,7308,7261.02,1107.61,0.18,ship,791,MH69DY4890,168,17.61,2402,0,none
INV-2024-000463,2024-01-27 09:00:00,V0012,Vendor_12 Pvt Ltd,27CJZUG2507C1ZY,MH,AP,8443,11447.71,1746.26,0.18,road,938,MH40GM6963,216,18.71,545,0,none
INV-2024-000464,2024-08-25 18:00:00,V0050,Vendor_50 Pvt Ltd,34LTGWV0824T1ZO,WB,UP,8501,1847.02,281.75,0.18,rail,73,MH46NA5527,24,3.17,1407,0,none
INV-2024-000465,2024-09-04 18:00:00,V0025,Vendor_25 Pvt Ltd,31NGXBQ8031I1ZA,GJ,AP,3004,9100.02,975.0,0.12,ship,306,MH97EV0558,72,9.35,1839,0,none
INV-2024-000466,2024-09-22 17:00:00,V0005,Vendor_5 Pvt Ltd,33HQJJF2966F1ZY,RJ,TN,8517,22497.79,3431.87,0.18,air,1398,MH51OU1121,312,25.88,1032,0,none
INV-2024-000467,2024-01-18 09:00:00,V0049,Vendor_49 Pvt Ltd,34CYQVS4792Z1ZY,WB,GJ,2710,40648.16,6200.57,0.18,rail,794,MH96GB9925,168,14.94,2010,0,none
INV-2024-000468,2024-09-08 13:00:00,V0037,Vendor_37 Pvt Ltd,30DRXWX7286O1Z3,TN,AP,8443,19141.5,2919.89,0.18,air,1152,MH60AD8215,264,27.18,2313,0,none
INV-2024-000469,2024-03-06 17:00:00,V0018,Vendor_18 Pvt Ltd,35VZYWE4240M1Z0,MP,GJ,2710,33417.32,5097.56,0.18,rail,583,MH40GL6507,120,16.8,1629,0,none
INV-2024-000470,2024-07-09 17:00:00,V0046,Vendor_46 Pvt Ltd,29GMCYM2369W1Z7,KA,AP,2710,12540.79,1913.0,0.18,road,385,MH94AP0115,72,9.92,700,0,none
INV-2024-000471,2024-11-23 09:00:00,V0022,Vendor_22 Pvt Ltd,32GKRHI7049D1Z4,UP,GJ,8443,8615.4,1314.21,0.18,air,349,MH03ZJ1917,72,7.83,2232,0,none
INV-2024-000472,2024-09-07 09:00:00,V0038,Vendor_38 Pvt Ltd,30XDDMN5374X1ZW,TN,GJ,8704,2606.44,570.16,0.28,ship,1179,MH03TE8675,264,29.52,1777,0,none
INV-2024-000473,2024-10-30 10:00:00,V0031,Vendor_31 Pvt Ltd,29PZAPI7491S1ZC,KA,KA,2710,8208.31,1252.12,0.18,rail,1396,MH70SZ7267,312,38.72,1073,0,none
INV-2024-000474,2024-06-30 15:00:00,V0029,Vendor_29 Pvt Ltd,29UCWWF8437H1ZE,KA,RJ,3004,13459.94,1442.14,0.12,rail,1116,MH83WY4300,264,22.71,126,0,none
INV-2024-000475,2024-03-25 17:00:00,V0006,Vendor_6 Pvt Ltd,29MHYRF3708Z1ZK,KA,WB,2710,12255.52,1869.49,0.18,ship,1705,MH45TM5986,8,69.0,1673,1,eway_expired
INV-2024-000476,2024-01-04 14:00:00,V0013,Vendor_13 Pvt Ltd,29RYENP9976W1ZJ,KA,TN,8443,14305.54,2182.2,0.18,rail,1563,MH99RB4197,360,34.09,1664,0,none
INV-2024-000477,2024-02-08 13:00:00,V0012,Vendor_12 Pvt Ltd,27CJZUG2507C1ZY,MH,UP,2710,6568.94,1002.04,0.18,ship,2000,MH19IR8882,480,57.62,545,0,none
INV-2024-000478,2024-05-15 11:00:00,V0019,Vendor_19 Pvt Ltd,31YUHSS7641G1Z3,GJ,GJ,7308,308940.23,1152.04,0.18,air,1952,MH80MQ4363,456,36.39,32,1,new_vendor_high_value
INV-2024-000479,2024-04-05 14:00:00,V0047,Vendor_47 Pvt Ltd,31CAIRY3706U1ZF,GJ,RJ,8517,14060.47,2144.82,0.18,air,1057,MH84XA7243,240,29.05,447,0,none
INV-2024-000480,2024-04-03 16:00:00,V0028,Vendor_28 Pvt Ltd,29ZVWAT3988Z1ZF,KA,WB,8517,24079.38,3673.13,0.18,air,1394,MH34JW1103,312,26.39,1122,0,none
INV-2024-000481,2024-03-23 18:00:00,V0003,Vendor_3 Pvt Ltd,31EYICC8687R1Z7,GJ,GJ,8501,61862.11,9436.59,0.18,ship,293,MH77IT8598,48,9.09,1580,0,none
INV-2024-000482,2024-02-26 09:00:00,V0009,Vendor_9 Pvt Ltd,29UKBJZ5980X1Z7,KA,KA,9403,6451.21,984.08,0.18,ship,754,MH26IZ7424,168,19.18,2822,0,none
INV-2024-000483,2024-11-12 10:00:00,V0016,Vendor_16 Pvt Ltd,33ECLLM7690M1ZL,RJ,TN,9403,10925.15,1666.55,0.18,rail,625,MH92VF7875,144,15.13,477,0,none
INV-2024-000484,2024-10-29 18:00:00,V0013,Vendor_13 Pvt Ltd,29RYENP9976W1ZJ,KA,DL,7308,18141.33,2767.32,0.18,rail,320,MH11AF8357,72,8.93,1664,0,none
INV-2024-000485,2024-06-21 14:00:00,V0015,Vendor_15 Pvt Ltd,28XWBGR2195P1ZF,DL,RJ,2710,2141.72,326.7,0.18,air,1368,MH39SG8106,312,39.03,1967,0,none
INV-2024-000486,2024-05-26 15:00:00,V0014,Vendor_14 Pvt Ltd,32LNDFI5220U1Z3,UP,DL,8704,2259.78,494.33,0.28,air,932,MH33CA5837,216,27.37,967,0,none
INV-2024-000487,2024-10-28 16:00:00,V0048,Vendor_48 Pvt Ltd,31WPDZU3435K1Z0,GJ,GJ,7308,55513.49,8468.16,0.18,ship,480,MH16PB9881,96,10.94,1750,0,none
INV-2024-000488,2024-02-08 16:00:00,V0007,Vendor_7 Pvt Ltd,31BXOSF4861E1ZF,GJ,WB,3004,125647.19,13462.2,0.12,air,1608,MH01OG8899,384,43.31,2329,0,none
INV-2024-000489,2024-11-18 09:00:00,V0029,Vendor_29 Pvt Ltd,29UCWWF8437H1ZE,KA,WB,8517,16022.52,2444.11,0.18,rail,908,MH71HZ2909,216,22.74,126,0,none
INV-2024-000490,2024-07-22 15:00:00,V0048,Vendor_48 Pvt Ltd,31WPDZU3435K1Z0,GJ,DL,2710,62180.08,9485.1,0.18,ship,388,MH53PF0550,72,10.97,1750,0,none
INV-2024-000491,2024-12-28 16:00:00,V0033,Vendor_33 Pvt Ltd,32RDXNR3651V1ZO,UP,GJ,7308,30275.08,4618.23,0.18,road,1500,MH25HQ9218,360,37.32,2804,0,none
INV-2024-000492,2024-05-07 11:00:00,V0042,Vendor_42 Pvt Ltd,31TWYKT5622N1ZV,GJ,UP,8471,17218.84,2626.6,0.18,road,1345,MH07OS4630,312,28.94,148,0,none
INV-2024-000493,2024-04-22 12:00:00,V0023,Vendor_23 Pvt Ltd,30NDJBG2453Z1ZX,TN,MP,8471,29523.9,4503.65,0.18,ship,1396,MH71TJ6865,312,26.81,62,0,none
INV-2024-000494,2024-06-15 12:00:00,V0015,Vendor_15 Pvt Ltd,28XWBGR2195P1ZF,DL,KA,6203,4947.94,235.62,0.05,rail,963,MH39CE1814,216,26.79,1967,0,none
INV-2024-000495,2024-05-24 08:00:00,V0042,Vendor_42 Pvt Ltd,31TWYKT5622N1ZV,GJ,RJ,9403,10066.66,1535.59,0.18,road,1457,MH02XZ1578,336,30.23,148,0,none
INV-2024-000496,2024-07-15 08:00:00,V0025,Vendor_25 Pvt Ltd,31NGXBQ8031I1ZA,GJ,MH,8471,8333.03,1271.14,0.18,road,320,MH16AZ9173,72,9.02,1839,0,none
INV-2024-000497,2024-03-12 15:00:00,V0013,Vendor_13 Pvt Ltd,29RYENP9976W1ZJ,KA,KA,8501,37093.0,5658.25,0.18,ship,679,MH06QD8125,144,17.15,1664,0,none
INV-2024-000498,2024-01-01 11:00:00,V0010,Vendor_10 Pvt Ltd,35TTIHE0779Y1ZB,MP,KA,6203,446519.35,1854.43,0.05,air,773,MH83WV1111,168,16.72,31,1,new_vendor_high_value
INV-2024-000499,2024-07-03 09:00:00,V0008,Vendor_8 Pvt Ltd,35GPXKF9500D1Z9,MP,KA,8704,64175.71,14038.44,0.28,ship,414,MH14XR6282,96,11.06,2600,0,none
INV-2024-000500,2024-07-07 12:00:00,V0043,Vendor_43 Pvt Ltd,33IRKEM1603S1Z1,RJ,MH,8517,15057.45,2296.9,0.18,air,1814,MH63KS7405,432,32.55,373,0,none
INV-2024-000501,2024-02-16 13:00:00,V0010,Vendor_10 Pvt Ltd,35TTIHE0779Y1ZB,MP,RJ,9403,43726.43,6670.13,0.18,ship,772,MH64UI8624,168,20.23,2109,0,none
INV-2024-000502,2024-09-30 15:00:00,V0035,Vendor_35 Pvt Ltd,34UYTRH6609H1ZJ,WB,RJ,7308,55535.79,8471.56,0.18,ship,221,MH56TS2090,48,6.73,950,0,none
INV-2024-000503,2024-02-26 08:00:00,V0009,Vendor_9 Pvt Ltd,29UKBJZ5980X1Z7,KA,KA,8443,20005.12,3051.63,0.18,rail,653,MH59KF2716,144,17.55,2822,0,none
INV-2024-000504,2024-01-14 14:00:00,V0025,Vendor_25 Pvt Ltd,31NGXBQ8031I1ZA,GJ,AP,8517,12689.23,1935.65,0.18,ship,201,MH11DG0847,48,7.07,1839,0,none
INV-2024-000505,2024-03-12 16:00:00,V0048,Vendor_48 Pvt Ltd,31WPDZU3435K1Z0,GJ,WB,3004,89642.76,9604.58,0.12,ship,892,MH60CB6611,192,19.14,1750,0,none
INV-2024-000506,2024-12-14 15:00:00,V0028,Vendor_28 Pvt Ltd,29ZVWAT3988Z1ZF,KA,AP,3004,29321.81,3141.62,0.12,ship,1077,MH92CJ9740,240,26.93,1122,0,none
INV-2024-000507,2024-10-13 17:00:00,V0012,Vendor_12 Pvt Ltd,27CJZUG2507C1ZY,MH,WB,8501,10363.88,1580.93,0.18,air,691,MH30JL2137,144,15.68,545,0,none
INV-2024-000508,2024-05-02 12:00:00,V0002,Vendor_2 Pvt Ltd,36AFQOF5808W1ZR,AP,DL,8517,15694.41,2394.06,0.18,ship,483,MH35QA2955,96,12.94,1423,0,none
INV-2024-000509,2024-01-25 13:00:00,V0003,Vendor_3 Pvt Ltd,31EYICC8687R1Z7,GJ,UP,8471,56106.51,8558.62,0.18,road,1589,MH17SZ7047,16,79.0,1580,1,eway_expired
INV-2024-000510,2024-01-13 17:00:00,V0010,Vendor_10 Pvt Ltd,35TTIHE0779Y1ZB,MP,AP,8501,35691.87,5444.52,0.18,rail,1829,MH14XC7886,432,34.36,2109,0,none
INV-2024-000511,2024-09-21 17:00:00,V0033,Vendor_33 Pvt Ltd,32RDXNR3651V1ZO,UP,WB,8443,24336.03,3712.28,0.18,rail,1658,MH69BS6296,384,45.19,2804,0,none
INV-2024-000510,2024-11-17 15:00:00,V0037,Vendor_37 Pvt Ltd,30DRXWX7286O1Z3,TN,GJ,9403,64912.57,9901.92,0.18,road,1170,MH84LE2053,264,24.03,2313,1,duplicate_invoice
INV-2024-000513,2024-08-23 12:00:00,V0046,Vendor_46 Pvt Ltd,29GMCYM2369W1Z7,KA,WB,3004,13156.05,1409.58,0.12,air,1381,MH94JH4664,312,27.59,700,0,none
INV-2024-000514,2024-02-12 18:00:00,V0024,Vendor_24 Pvt Ltd,35HRYDD1526W1ZL,MP,GJ,8501,3497.81,533.56,0.18,rail,1846,MH66TG8082,432,35.5,863,0,none
INV-2024-000515,2024-07-23 09:00:00,V0037,Vendor_37 Pvt Ltd,30DRXWX7286O1Z3,TN,DL,8501,45758.0,6980.03,0.18,air,764,MH94CT9971,168,19.31,2313,0,none
INV-2024-000516,2024-06-11 13:00:00,V0005,Vendor_5 Pvt Ltd,33HQJJF2966F1ZY,RJ,TN,8501,14126.19,2154.84,0.18,road,1488,MH45YD2597,336,29.14,1032,0,none
INV-2024-000517,2024-08-08 15:00:00,V0024,Vendor_24 Pvt Ltd,35HRYDD1526W1ZL,MP,MH,7308,1763.49,269.01,0.18,air,1603,MH60BK2785,384,32.58,863,0,none
INV-2024-000518,2024-01-28 09:00:00,V0012,Vendor_12 Pvt Ltd,27CJZUG2507C1ZY,MH,UP,6203,8416.0,400.76,0.05,road,1592,MH94NU9495,360,39.12,545,0,none
INV-2024-000519,2024-11-01 11:00:00,V0036,Vendor_36 Pvt Ltd,30DBZPT4857M1ZV,TN,UP,8443,500000.0,76271.19,0.18,rail,79,MH18CZ4504,24,4.41,1666,1,round_amount
INV-2024-000520,2024-10-23 09:00:00,V0041,Vendor_41 Pvt Ltd,ZXQOMTS1EGPG,MP,MP,6203,46423.19,2210.63,0.05,road,1635,MH39ZO0808,384,43.89,1470,1,invalid_gstin
INV-2024-000521,2024-03-24 16:00:00,V0039,Vendor_39 Pvt Ltd,35LEWLT8274H1ZH,MP,RJ,3004,4507.71,482.97,0.12,ship,1348,MH98ZU1664,312,34.89,1831,0,none
INV-2024-000522,2024-11-15 16:00:00,V0048,Vendor_48 Pvt Ltd,31WPDZU3435K1Z0,GJ,AP,2710,153142.11,23360.66,0.18,ship,1700,INVALID_4877,408,49.33,1750,1,vehicle_mismatch
INV-2024-000523,2024-07-10 11:00:00,V0001,Vendor_1 Pvt Ltd,28AHFTR8040G1ZE,DL,GJ,3004,45561.94,4881.64,0.12,air,679,MH42XK0138,144,15.52,2099,0,none
INV-2024-000524,2024-03-28 17:00:00,V0022,Vendor_22 Pvt Ltd,32GKRHI7049D1Z4,UP,MP,7308,15389.31,2347.52,0.18,rail,851,MH88PD6919,192,24.31,2232,0,none
INV-2024-000525,2024-04-28 09:00:00,V0028,Vendor_28 Pvt Ltd,29ZVWAT3988Z1ZF,KA,MP,9403,48175.21,7348.76,0.18,rail,292,MH86GO9204,48,9.1,1122,0,none
INV-2024-000526,2024-11-12 16:00:00,V0002,Vendor_2 Pvt Ltd,36AFQOF5808W1ZR,AP,AP,8517,7705.03,1175.34,0.18,ship,833,MH96UE6218,192,26.58,1423,0,none
INV-2024-000527,2024-05-13 18:00:00,V0050,Vendor_50 Pvt Ltd,34LTGWV0824T1ZO,WB,MH,9403,22158.81,3380.16,0.18,rail,1357,MH19DD2108,312,26.36,1407,1,amount_spike
INV-2024-000528,2024-01-12 14:00:00,V0032,Vendor_32 Pvt Ltd,27SAYNS7630V1ZL,MH,RJ,7308,2432683.07,371087.25,0.18,air,818,MH41HX6681,192,17.19,2582,1,amount_spike
INV-2024-000529,2024-11-10 17:00:00,V0031,Vendor_31 Pvt Ltd,29PZAPI7491S1ZC,KA,MP,9403,5922.52,903.44,0.18,rail,1568,MH65NT2380,360,39.27,1073,0,none
INV-2024-000530,2024-02-12 10:00:00,V0015,Vendor_15 Pvt Ltd,28XWBGR2195P1ZF,DL,TN,8501,4392.26,670.01,0.18,air,238,MH27MN3116,48,8.1,1967,0,none
INV-2024-000531,2024-02-22 17:00:00,V0026,Vendor_26 Pvt Ltd,35SOCYR1035N1Z8,MP,GJ,8704,28810.8,6302.36,0.28,air,389,MH48LT8664,72,10.95,201,0,none
INV-2024-000532,2024-11-19 09:00:00,V0024,Vendor_24 Pvt Ltd,35HRYDD1526W1ZL,MP,MP,8471,3375.12,514.85,0.18,air,568,MH86ZJ0137,120,13.32,863,0,none
INV-2024-000533,2024-02-07 11:00:00,V0016,Vendor_16 Pvt Ltd,33ECLLM7690M1ZL,RJ,KA,8443,14448.82,2204.06,0.18,rail,1646,MH67FO3202,384,39.43,477,0,none
INV-2024-000534,2024-04-21 09:00:00,V0034,Vendor_34 Pvt Ltd,29QHOAH4564O1ZD,KA,DL,8704,15352.35,3358.33,0.28,road,1225,MH73IF8494,288,23.64,2123,0,none
INV-2024-000535,2024-03-28 17:00:00,V0029,Vendor_29 Pvt Ltd,29UCWWF8437H1ZE,KA,TN,6203,11521.61,548.65,0.05,road,1230,MH75AM1905,288,35.67,126,0,none
INV-2024-000536,2024-11-26 08:00:00,V0022,Vendor_22 Pvt Ltd,32GKRHI7049D1Z4,UP,GJ,6203,185769.81,8846.18,0.05,road,612,MH07MB2946,144,16.29,2232,1,amount_spike
INV-2024-000537,2024-02-22 08:00:00,V0040,Vendor_40 Pvt Ltd,28SGIXC1312N1ZQ,DL,KA,8471,23213.5,3541.04,0.18,road,265,MH72CS8850,48,8.01,1385,0,none
INV-2024-000538,2024-01-23 09:00:00,V0017,Vendor_17 Pvt Ltd,30ENDEM8088D1Z3,TN,GJ,8517,4650.2,709.35,0.18,ship,724,MH36YP1315,18,58.0,2701,1,eway_expired
INV-2024-000539,2024-03-03 16:00:00,V0043,Vendor_43 Pvt Ltd,33IRKEM1603S1Z1,RJ,WB,8704,26725.04,5846.1,0.28,rail,1404,MH74CT7382,336,31.55,373,0,none
INV-2024-000540,2024-02-09 09:00:00,V0045,Vendor_45 Pvt Ltd,34AOZJQ7679G1Z1,WB,TN,8471,2652.72,404.65,0.18,ship,76,MH34IV7539,24,3.87,2574,0,none
INV-2024-000541,2024-03-19 16:00:00,V0042,Vendor_42 Pvt Ltd,31TWYKT5622N1ZV,GJ,TN,9403,27841.09,4246.95,0.18,road,1927,MH85UE2138,456,47.63,148,0,none
INV-2024-000542,2024-08-24 09:00:00,V0010,Vendor_10 Pvt Ltd,35TTIHE0779Y1ZB,MP,MH,7308,34891.87,5322.49,0.18,ship,1881,MH45JD5323,432,42.23,2109,0,none
INV-2024-000543,2024-06-19 08:00:00,V0033,Vendor_33 Pvt Ltd,32RDXNR3651V1ZO,UP,DL,8443,26249.32,4004.13,0.18,rail,150,MH42KP5446,24,6.12,2804,0,none
INV-2024-000542,2024-04-22 09:00:00,V0008,Vendor_8 Pvt Ltd,35GPXKF9500D1Z9,MP,GJ,8704,63220.67,13829.52,0.28,rail,538,MH26SK1782,120,15.98,2600,1,duplicate_invoice
INV-2024-000545,2024-06-26 18:00:00,V0014,Vendor_14 Pvt Ltd,32LNDFI5220U1Z3,UP,GJ,8704,3357.93,734.55,0.28,air,1552,MH96TW6161,360,45.8,967,0,none
INV-2024-000546,2024-03-13 08:00:00,V0030,Vendor_30 Pvt Ltd,30KHBUJ5683A1Z7,TN,UP,6203,12656.94,602.71,0.05,road,92,MH06WP9542,24,4.12,1099,0,none
INV-2024-000547,2024-01-09 17:00:00,V0003,Vendor_3 Pvt Ltd,31EYICC8687R1Z7,GJ,TN,3004,43013.8,4608.62,0.12,air,1125,MH70UI4356,264,26.91,1580,0,none
INV-2024-000548,2024-08-22 08:00:00,V0024,Vendor_24 Pvt Ltd,35HRYDD1526W1ZL,MP,UP,3004,2694.04,288.65,0.12,rail,1875,MH88MH5614,432,42.1,863,0,none
INV-2024-000549,2024-03-13 13:00:00,V0043,Vendor_43 Pvt Ltd,33IRKEM1603S1Z1,RJ,AP,7308,16050.65,2448.4,0.18,ship,1567,MH20XJ1265,360,32.2,373,0,none
INV-2024-000550,2024-03-30 12:00:00,V0034,Vendor_34 Pvt Ltd,29QHOAH4564O1ZD,KA,UP,8443,7198.78,1098.12,0.18,air,850,MH21PS8175,192,20.93,2123,0,none
INV-2024-000551,2024-02-26 08:00:00,V0019,Vendor_19 Pvt Ltd,31YUHSS7641G1Z3,GJ,WB,9403,10028.3,1529.74,0.18,road,1444,MH66HH7002,336,41.16,2402,0,none
INV-2024-000552,2024-09-07 12:00:00,V0004,Vendor_4 Pvt Ltd,28OVQWP7022C1ZE,DL,MH,8471,94728.45,947.28,0.18,ship,564,MH75YO9717,120,18.31,443,1,tax_mismatch
INV-2024-000553,2024-02-11 12:00:00,V0038,Vendor_38 Pvt Ltd,30XDDMN5374X1ZW,TN,UP,8501,2969.77,453.02,0.18,air,559,MH49CG3356,120,13.02,1777,0,none
INV-2024-000554,2024-03-12 18:00:00,V0038,Vendor_38 Pvt Ltd,30XDDMN5374X1ZW,TN,KA,3004,3607.07,386.47,0.12,ship,902,MH05QO3841,216,20.37,1777,0,none
INV-2024-000555,2024-06-09 16:00:00,V0045,Vendor_45 Pvt Ltd,34AOZJQ7679G1Z1,WB,WB,8443,4407.87,672.39,0.18,rail,775,MH40OY4763,168,19.22,2574,0,none
INV-2024-000556,2024-09-19 13:00:00,V0038,Vendor_38 Pvt Ltd,30XDDMN5374X1ZW,TN,AP,2710,4443.13,677.77,0.18,road,1847,MH34AU8400,432,46.9,1777,0,none
INV-2024-000557,2024-10-31 09:00:00,V0022,Vendor_22 Pvt Ltd,32GKRHI7049D1Z4,UP,WB,8704,12327.07,2696.55,0.28,rail,1464,MH76TB2174,336,35.01,2232,0,none
INV-2024-000558,2024-11-23 10:00:00,V0044,Vendor_44 Pvt Ltd,33DMBJF3737N1ZG,RJ,MH,3004,9328.35,999.47,0.12,ship,1699,MH10PD0248,384,39.12,365,0,none
INV-2024-000559,2024-01-29 09:00:00,V0026,Vendor_26 Pvt Ltd,35SOCYR1035N1Z8,MP,KA,8501,12352.56,1884.29,0.18,rail,1729,MH26LR1101,408,45.84,201,0,none
INV-2024-000560,2024-09-18 16:00:00,V0011,Vendor_11 Pvt Ltd,28WHQPD7575A1ZK,DL,GJ,8501,22978.55,3505.2,0.18,ship,642,MH46KS1440,144,16.3,2031,0,none
INV-2024-000561,2024-10-15 14:00:00,V0008,Vendor_8 Pvt Ltd,35GPXKF9500D1Z9,MP,AP,8471,71873.86,10963.81,0.18,air,960,MH94SH9385,16,54.0,2600,1,eway_expired
INV-2024-000562,2024-02-02 10:00:00,V0033,Vendor_33 Pvt Ltd,32RDXNR3651V1ZO,UP,AP,8443,21196.04,3233.29,0.18,rail,744,MH17RY0849,168,19.58,2804,0,none
INV-2024-000563,2024-12-28 16:00:00,V0037,Vendor_37 Pvt Ltd,30DRXWX7286O1Z3,TN,GJ,2710,31654.13,4828.6,0.18,ship,315,MH55VB0726,72,8.77,2313,0,none
INV-2024-000564,2024-08-31 13:00:00,V0044,Vendor_44 Pvt Ltd,33DMBJF3737N1ZG,RJ,DL,7308,9783.77,1492.44,0.18,air,1892,MH39XB2074,432,36.37,365,0,none
INV-2024-000565,2024-11-19 08:00:00,V0039,Vendor_39 Pvt Ltd,35LEWLT8274H1ZH,MP,DL,8443,11902.19,1815.59,0.18,rail,1480,MH65FM6274,336,33.41,1831,0,none
INV-2024-000566,2024-10-25 08:00:00,V0006,Vendor_6 Pvt Ltd,29MHYRF3708Z1ZK,KA,TN,8517,17513.44,2671.54,0.18,ship,118,MH34OB1796,24,5.82,1673,0,none
INV-2024-000567,2024-04-16 17:00:00,V0013,Vendor_13 Pvt Ltd,29RYENP9976W1ZJ,KA,UP,2710,30764.38,4692.87,0.18,road,780,MH10LJ0072,168,18.13,1664,0,none
INV-2024-000568,2024-04-28 08:00:00,V0032,Vendor_32 Pvt Ltd,27SAYNS7630V1ZL,MH,MH,8443,271859.45,41470.09,0.18,air,508,MH83JW1252,120,11.02,2582,0,none
INV-2024-000569,2024-11-12 08:00:00,V0026,Vendor_26 Pvt Ltd,35SOCYR1035N1Z8,MP,AP,8517,30500.88,4652.68,0.18,air,1014,MH60KF8028,240,21.31,201,0,none
INV-2024-000570,2024-12-05 08:00:00,V0049,Vendor_49 Pvt Ltd,34CYQVS4792Z1ZY,WB,AP,8517,36384.41,5550.16,0.18,rail,1902,MH83BK7984,456,41.36,2010,0,none
INV-2024-000571,2024-01-22 09:00:00,V0018,Vendor_18 Pvt Ltd,TB1ZPPEP69NG,MP,RJ,8443,23409.73,3570.98,0.18,road,1028,MH90BU8586,240,27.69,1629,1,invalid_gstin
INV-2024-000572,2024-01-30 11:00:00,V0028,Vendor_28 Pvt Ltd,29ZVWAT3988Z1ZF,KA,MH,8704,41748.76,9132.54,0.28,ship,515,MH85BU8200,120,14.62,1122,0,none
INV-2024-000573,2024-05-24 08:00:00,V0012,Vendor_12 Pvt Ltd,27CJZUG2507C1ZY,MH,TN,8704,26740.49,5849.48,0.28,rail,648,MH66BY2788,144,19.14,545,0,none
INV-2024-000574,2024-12-31 12:00:00,V0029,Vendor_29 Pvt Ltd,29UCWWF8437H1ZE,KA,GJ,2710,18350.31,2799.2,0.18,rail,1829,MH26NB9762,432,38.21,126,0,none
INV-2024-000575,2024-09-23 11:00:00,V0009,Vendor_9 Pvt Ltd,29UKBJZ5980X1Z7,KA,TN,2710,23716.0,3617.7,0.18,air,301,MH19SQ4140,72,10.24,2822,0,none
INV-2024-000576,2024-07-15 12:00:00,V0038,Vendor_38 Pvt Ltd,30XDDMN5374X1ZW,TN,MH,8517,1709.42,260.76,0.18,road,621,MH03LF3656,144,13.17,1777,0,none
INV-2024-000577,2024-06-27 08:00:00,V0035,Vendor_35 Pvt Ltd,34UYTRH6609H1ZJ,WB,GJ,8443,39783.68,6068.7,0.18,ship,1709,MH07QW7978,408,33.4,950,0,none
INV-2024-000578,2024-12-13 12:00:00,V0047,Vendor_47 Pvt Ltd,31CAIRY3706U1ZF,GJ,WB,2710,12051.19,1838.32,0.18,air,918,MH51JT9107,216,21.32,447,0,none
INV-2024-000579,2024-05-07 16:00:00,V0006,Vendor_6 Pvt Ltd,29MHYRF3708Z1ZK,KA,RJ,8704,17006.07,3720.08,0.28,rail,129,MH67VP1532,24,4.65,1673,0,none
INV-2024-000580,2024-08-24 08:00:00,V0029,Vendor_29 Pvt Ltd,29UCWWF8437H1ZE,KA,MH,8501,16595.89,2531.58,0.18,air,784,MH20YH6301,168,20.21,126,0,none
INV-2024-000581,2024-09-10 10:00:00,V0017,Vendor_17 Pvt Ltd,30ENDEM8088D1Z3,TN,KA,9403,3319.66,506.39,0.18,air,1834,MH10RW5070,432,37.5,2701,0,none
INV-2024-000582,2024-01-09 18:00:00,V0017,Vendor_17 Pvt Ltd,30ENDEM8088D1Z3,TN,MP,8443,12045.22,1837.41,0.18,road,1521,MH15CC2586,360,43.82,2701,0,none
INV-2024-000583,2024-08-06 12:00:00,V0042,Vendor_42 Pvt Ltd,31TWYKT5622N1ZV,GJ,AP,8443,25398.33,3874.32,0.18,road,1664,MH83YH0321,384,41.74,148,0,none
INV-2024-000584,2024-11-07 11:00:00,V0007,Vendor_7 Pvt Ltd,31BXOSF4861E1ZF,GJ,MP,2710,123537.86,18844.76,0.18,rail,1654,MH28AS3900,384,35.42,2329,0,none
INV-2024-000585,2024-09-14 17:00:00,V0037,Vendor_37 Pvt Ltd,30DRXWX7286O1Z3,TN,MP,6203,18878.79,898.99,0.05,air,1551,MH76RN3159,360,44.42,2313,0,none
INV-2024-000586,2024-07-04 11:00:00,V0016,Vendor_16 Pvt Ltd,33ECLLM7690M1ZL,RJ,TN,8517,5786.67,882.71,0.18,rail,961,MH33NX6644,216,21.66,477,0,none
INV-2024-000587,2024-05-05 14:00:00,V0035,Vendor_35 Pvt Ltd,34UYTRH6609H1ZJ,WB,AP,9403,82151.64,12531.61,0.18,ship,583,MH14ND4811,120,12.64,950,0,none
INV-2024-000588,2024-03-26 09:00:00,V0001,Vendor_1 Pvt Ltd,28AHFTR8040G1ZE,DL,WB,2710,41166.67,6279.66,0.18,rail,1571,MH80EB5534,360,45.47,2099,0,none
INV-2024-000589,2024-12-22 16:00:00,V0026,Vendor_26 Pvt Ltd,35SOCYR1035N1Z8,MP,DL,3004,15019.77,1609.26,0.12,ship,739,MH56ZB7344,168,16.56,201,0,none
INV-2024-000590,2024-08-11 12:00:00,V0048,Vendor_48 Pvt Ltd,31WPDZU3435K1Z0,GJ,KA,9403,46654.06,7116.72,0.18,air,1532,MH90XP3634,360,32.04,1750,0,none
INV-2024-000591,2024-02-19 11:00:00,V0050,Vendor_50 Pvt Ltd,34LTGWV0824T1ZO,WB,MH,8443,2321.66,354.15,0.18,rail,1205,MH59HJ7909,288,27.71,1407,0,none
INV-2024-000592,2024-09-22 12:00:00,V0028,Vendor_28 Pvt Ltd,29ZVWAT3988Z1ZF,KA,UP,8704,67403.1,14744.43,0.28,rail,253,MH24FE9261,48,7.29,1122,0,none
INV-2024-000593,2024-05-22 10:00:00,V0043,Vendor_43 Pvt Ltd,33IRKEM1603S1Z1,RJ,AP,8471,1000000.0,152542.37,0.18,ship,1898,MH51MV3294,432,56.4,373,1,round_amount
INV-2024-000594,2024-08-20 12:00:00,V0009,Vendor_9 Pvt Ltd,29UKBJZ5980X1Z7,KA,WB,8517,6873.12,1048.44,0.18,air,1870,MH89TD3077,432,42.61,2822,0,none
INV-2024-000595,2024-09-16 13:00:00,V0011,Vendor_11 Pvt Ltd,28WHQPD7575A1ZK,DL,DL,2710,11448.36,1746.36,0.18,road,1497,MH01SN1586,336,32.36,2031,0,none
INV-2024-000596,2024-03-11 17:00:00,V0016,Vendor_16 Pvt Ltd,33ECLLM7690M1ZL,RJ,TN,7308,10058.42,1534.34,0.18,ship,593,MH14DQ0572,120,15.14,477,0,none
INV-2024-000597,2024-09-08 16:00:00,V0005,Vendor_5 Pvt Ltd,33HQJJF2966F1ZY,RJ,MH,9403,5654.81,862.6,0.18,ship,906,MH62JN9888,216,20.2,1032,0,none
INV-2024-000598,2024-11-18 14:00:00,V0032,Vendor_32 Pvt Ltd,27SAYNS7630V1ZL,MH,WB,2710,198991.2,30354.59,0.18,air,655,MH87HZ3614,144,18.84,2582,0,none
INV-2024-000599,2024-02-28 13:00:00,V0043,Vendor_43 Pvt Ltd,33IRKEM1603S1Z1,RJ,WB,9403,17480.62,2666.54,0.18,air,1770,MH42HN8707,408,34.58,373,0,none
INV-2024-000600,2024-06-11 14:00:00,V0044,Vendor_44 Pvt Ltd,33DMBJF3737N1ZG,RJ,RJ,8501,20275.29,3092.84,0.18,road,866,MH42QB4285,192,22.02,365,0,none
